"EVENT_TYPE","TIMESTAMP","REQUEST_ID","ORGANIZATION_ID","USER_ID","RUN_TIME","CPU_TIME","CLIENT_IP","URI","REQUEST_STATUS","DB_TOTAL_TIME","METHOD","MEDIA_TYPE","STATUS_CODE","USER_AGENT","ROWS_PROCESSED","NUMBER_FIELDS","DB_BLOCKS","DB_CPU_TIME","REQUEST_SIZE","RESPONSE_SIZE"
"RestApi","20150726091730.171","3zGoTYRggfdZzbH5TipoZ-","00D30000000V77Y","0053000000ALCw8","870","48","10.226.112.71","/services/data/v34.0/sobjects/Account/describe","S","813931807","GET","application/json;charset=UTF-8","200","9999","","","960","80","0","102993"
"RestApi","20150726091730.273","3zGoTardbMnxarH5Tilu2-","00D30000000V77Y","0053000000ALCw8","56","31","10.226.112.71","/services/data/v34.0/sobjects/Opportunity/describe","S","19243362","GET","application/json;charset=UTF-8","200","9999","","","125","10","0","63157"
"RestApi","20150726091730.381","3zGoTbER8_gVBbH5Tipt5-","00D30000000V77Y","0053000000ALCw8","63","15","10.226.112.71","/services/data/v34.0/query","S","44764731","GET","application/json;charset=UTF-8","200","9999","1","8","12","0","0","354"
"RestApi","20150726091730.435","3zGoTbTyRsBQ-6H5TippD-","00D30000000V77Y","0053000000ALCw8","52","16","10.226.112.71","/services/data/v34.0/queryAll","S","31846376","GET","application/json;charset=UTF-8","200","9999","0","1","11","10","0","40"
"RestApi","20150726091741.908","3zGoUH9xMbxqgbH5TillE-","00D30000000V77Y","0053000000ALCw8","67","39","10.226.112.71","/services/data/v34.0/sobjects/Opportunity/describe","S","20344158","GET","application/json;charset=UTF-8","200","9999","","","129","10","0","63157"
"RestApi","20150726091742.018","3zGoUH_O9E0GIbH5Tim-y-","00D30000000V77Y","0053000000ALCw8","65","33","10.226.112.71","/services/data/v34.0/sobjects/Opportunity/describe","S","18223327","GET","application/json;charset=UTF-8","200","9999","","","127","10","0","63157"
"RestApi","20150726091742.115","3zGoUHzgC-ZisrH5Tipx2-","00D30000000V77Y","0053000000ALCw8","53","23","10.226.112.71","/services/data/v34.0/query","S","24945725","GET","application/json;charset=UTF-8","200","9999","","0","11","10","0","41"
"RestApi","20150726091742.159","3zGoUIBubHfeyMH5Tipxn-","00D30000000V77Y","0053000000ALCw8","42","16","10.226.112.71","/services/data/v34.0/query","S","21052759","GET","application/json;charset=UTF-8","200","9999","1","14","15","10","0","512"
"RestApi","20150726091742.194","3zGoUIMFlZjYgLn14nNU--","00D30000000V77Y","0053000000ALCw8","33","13","10.226.112.71","/services/data/v34.0/queryAll","S","14384820","GET","application/json;charset=UTF-8","200","9999","0","1","11","10","0","40"
"RestApi","20150726091753.770","3zGoUxiEwsx_06H5TipoZ-","00D30000000V77Y","0053000000ALCw8","237","95","10.226.112.71","/services/data/v34.0/sobjects/User/describe","S","138554817","GET","application/json;charset=UTF-8","200","9999","","","509","30","0","426319"
"RestApi","20150726091753.837","3zGoUyfNp1Es5MH5TipkE-","00D30000000V77Y","0053000000ALCw8","49","26","10.226.112.71","/services/data/v34.0/sobjects/Opportunity/describe","S","18322540","GET","application/json;charset=UTF-8","200","9999","","","121","10","0","63157"
"RestApi","20150726091753.911","3zGoUz0jaPzxlbH5Tilu2-","00D30000000V77Y","0053000000ALCw8","29","12","10.226.112.71","/services/data/v34.0/query","S","14612410","GET","application/json;charset=UTF-8","200","9999","","0","16","0","0","41"
"RestApi","20150726091753.938","3zGoUz8GFv4ApbH5Tipu4-","00D30000000V77Y","0053000000ALCw8","25","13","10.226.112.71","/services/data/v34.0/query","S","9075963","GET","application/json;charset=UTF-8","200","9999","1","13","12","0","0","450"
"RestApi","20150726091753.960","3zGoUzEbyY-VLbH5Tipt5-","00D30000000V77Y","0053000000ALCw8","20","9","10.226.112.71","/services/data/v34.0/queryAll","S","8490412","GET","application/json;charset=UTF-8","200","9999","0","1","109","0","0","40"
"RestApi","20150726091805.249","3zGoVdHKUoDAtMH5Tildr-","00D30000000V77Y","0053000000ALCw8","22","8","10.226.112.71","/services/data/v34.0/sobjects/UserRole/describe","S","12449856","GET","application/json;charset=UTF-8","200","9999","","","61","10","0","21691"
"RestApi","20150726091805.351","3zGoVdWhj-PQZ6H5Tiluk-","00D30000000V77Y","0053000000ALCw8","60","27","10.226.112.71","/services/data/v34.0/sobjects/Opportunity/describe","S","28282952","GET","application/json;charset=UTF-8","200","9999","","","129","10","0","63157"
"RestApi","20150726091805.423","3zGoVdudYncCIrH5TipnY-","00D30000000V77Y","0053000000ALCw8","28","9","10.226.112.71","/services/data/v34.0/query","S","17133215","GET","application/json;charset=UTF-8","200","9999","","0","18","0","0","41"
"RestApi","20150726091805.489","3zGoVe9z2GXBeMH5Tiq2I-","00D30000000V77Y","0053000000ALCw8","25","9","10.226.112.71","/services/data/v34.0/query","S","14114534","GET","application/json;charset=UTF-8","200","9999","1","16","11","10","0","620"
"RestApi","20150726091805.513","3zGoVeGk8UilJMH5TilTr-","00D30000000V77Y","0053000000ALCw8","21","10","10.226.112.71","/services/data/v34.0/queryAll","S","8893554","GET","application/json;charset=UTF-8","200","9999","0","1","17","0","0","40"
"RestApi","20150726222508.880","3zHUSPx0a8e1VbH5Tipmk-","00D30000000V77Y","0053000000Ank29","40","12","204.14.239.17","/services/data/v33.0/query","S","26307002","GET","application/json;charset=UTF-8","200","9999","1","1","13","10","0","174"
"RestApi","20150726222509.312","3zHUSQwUCO6Fq6H5TipsA-","00D30000000V77Y","0053000000Ank29","207","45","204.14.239.17","/services/data/v33.0/sobjects/Organization/describe","S","154634974","GET","application/json;charset=UTF-8","200","9999","","","185","10","0","123511"
"RestApi","20150726222510.553","3zHUSSgKSN_4BbH5Tipse-","00D30000000V77Y","0053000000Ank29","979","52","204.14.239.17","/services/data/v33.0/query","S","589402180","GET","application/json;charset=UTF-8","200","9999","285","5","348","40","0","87167"
"RestApi","20150726222510.909","3zHUSXaOnJ6FqbH5TipsA-","00D30000000V77Y","0053000000Ank29","16","6","204.14.239.17","/services/data/v33.0/sobjects/EventLogFile/describe","S","5968309","GET","application/json;charset=UTF-8","200","9999","","","74","10","0","19614"
"RestApi","20150726222512.419","3zHUSZAtePgGfMH5Tipnr-","00D30000000V77Y","0053000000Ank29","1102","42","204.14.239.17","/services/data/v33.0/sobjects/EventLogFile/0AT300000000YUNGA2/LogFile","S","91842119","GET","text/csv","200","9999","1","2","58","0","0","2095370"
"RestApi","20150726222512.789","3zHUSdVhLlAddrH5TilTr-","00D30000000V77Y","0053000000Ank29","42","6","204.14.239.17","/services/data/v33.0/sobjects/EventLogFile/0AT300000000YUXGA2/LogFile","S","18352878","GET","text/csv","200","9999","1","2","19","0","0","85169"
"RestApi","20150726222513.224","3zHUSf9H7LgXUrH5TipkE-","00D30000000V77Y","0053000000Ank29","33","20","204.14.239.17","/services/data/v33.0/sobjects/EventLogFile/0AT300000000YUWGA2/LogFile","S","8216766","GET","text/csv","200","9999","1","2","12","0","0","318"
"RestApi","20150726222513.447","3zHUSg2Vm1XO8bH5Tilmd-","00D30000000V77Y","0053000000Ank29","16","6","204.14.239.17","/services/data/v33.0/sobjects/EventLogFile/0AT300000000YUVGA2/LogFile","S","7450923","GET","text/csv","200","9999","1","2","12","10","0","931"
"RestApi","20150726222513.766","3zHUSgsR6ZihMMH5Tipm1-","00D30000000V77Y","0053000000Ank29","113","10","204.14.239.17","/services/data/v33.0/sobjects/EventLogFile/0AT300000000YUUGA2/LogFile","S","30553198","GET","text/csv","200","9999","1","2","12","0","0","264807"
"RestApi","20150726222514.304","3zHUSjFKLXfdfbH5TilTr-","00D30000000V77Y","0053000000Ank29","15","7","204.14.239.17","/services/data/v33.0/sobjects/EventLogFile/0AT300000000YUTGA2/LogFile","S","7842441","GET","text/csv","200","9999","1","2","12","0","0","1018"
"RestApi","20150726222514.529","3zHUSk4E1KAsJrH5TillE-","00D30000000V77Y","0053000000Ank29","19","7","204.14.239.17","/services/data/v33.0/sobjects/EventLogFile/0AT300000000YJAGA2/LogFile","S","9289043","GET","text/csv","200","9999","1","2","37","0","0","3129"
"RestApi","20150726222514.795","3zHUSl-LQeePJrH5TipsC-","00D30000000V77Y","0053000000Ank29","36","20","204.14.239.17","/services/data/v33.0/sobjects/EventLogFile/0AT300000000YJjGAM/LogFile","S","10696805","GET","text/csv","200","9999","1","2","34","0","0","5742"
"RestApi","20150726222515.057","3zHUSm32dt3XVMH5TipkE-","00D30000000V77Y","0053000000Ank29","14","5","204.14.239.17","/services/data/v33.0/sobjects/EventLogFile/0AT300000000YJiGAM/LogFile","S","8186115","GET","text/csv","200","9999","1","2","12","10","0","14348"
"RestApi","20150726222515.304","3zHUSmy6aQ7QJqn14nNU--","00D30000000V77Y","0053000000Ank29","19","6","204.14.239.17","/services/data/v33.0/sobjects/EventLogFile/0AT300000000YJgGAM/LogFile","S","9833192","GET","text/csv","200","9999","1","2","12","0","0","1774"
"RestApi","20150726222515.875","3zHUSnnazOBQJqn14nNU--","00D30000000V77Y","0053000000Ank29","365","14","204.14.239.17","/services/data/v33.0/sobjects/EventLogFile/0AT300000000YJhGAM/LogFile","S","80950683","GET","text/csv","200","9999","1","2","12","0","0","576068"
"RestApi","20150726222516.382","3zHUSqz10BbKibH5Tipwv-","00D30000000V77Y","0053000000Ank29","19","8","204.14.239.17","/services/data/v33.0/sobjects/EventLogFile/0AT300000000YJfGAM/LogFile","S","8663562","GET","text/csv","200","9999","1","2","12","0","0","743"
"RestApi","20150726222516.606","3zHUSroJow5Fh6H5Tim-y-","00D30000000V77Y","0053000000Ank29","19","5","204.14.239.17","/services/data/v33.0/sobjects/EventLogFile/0AT300000000YJeGAM/LogFile","S","10652298","GET","text/csv","200","9999","1","2","18","0","0","318"
"RestApi","20150726222516.830","3zHUSse6I1yhMMH5Tipm1-","00D30000000V77Y","0053000000Ank29","17","6","204.14.239.17","/services/data/v33.0/sobjects/EventLogFile/0AT300000000YJdGAM/LogFile","S","9185467","GET","text/csv","200","9999","1","2","12","0","0","375"
"RestApi","20150726222517.048","3zHUStTM_IpRQrH5TillV-","00D30000000V77Y","0053000000Ank29","17","6","204.14.239.17","/services/data/v33.0/sobjects/EventLogFile/0AT300000000YJcGAM/LogFile","S","9114707","GET","text/csv","200","9999","1","2","12","0","0","3171"
"RestApi","20150726222517.353","3zHUSuMK84JLKrH5Tipxn-","00D30000000V77Y","0053000000Ank29","83","23","204.14.239.17","/services/data/v33.0/sobjects/EventLogFile/0AT300000000YJbGAM/LogFile","S","36398684","GET","text/csv","200","9999","1","2","37","0","0","277487"
"RestApi","20150726222517.923","3zHUSwiNR9GuvrH5Tilrk-","00D30000000V77Y","0053000000Ank29","18","6","204.14.239.17","/services/data/v33.0/sobjects/EventLogFile/0AT300000000YJaGAM/LogFile","S","9378218","GET","text/csv","200","9999","1","2","31","10","0","1019"
"RestApi","20150726222519.158","3zHUSx_zQN5O8bH5Tilmd-","00D30000000V77Y","0053000000Ank29","1020","28","204.14.239.17","/services/data/v33.0/sobjects/EventLogFile/0AT300000000YJ9GAM/LogFile","S","77944552","GET","text/csv","200","9999","1","2","12","0","0","2109063"
"RestApi","20150726222519.500","3zHUT1arR5Or0rH5TipnY-","00D30000000V77Y","0053000000Ank29","17","5","204.14.239.17","/services/data/v33.0/sobjects/EventLogFile/0AT300000000YJ8GAM/LogFile","S","10560811","GET","text/csv","200","9999","1","2","18","0","0","3679"
"RestApi","20150726222520.984","3zHUT2RiwQHRHbH5Tipnt-","00D30000000V77Y","0053000000Ank29","1275","28","204.14.239.17","/services/data/v33.0/sobjects/EventLogFile/0AT300000000Y4aGAE/LogFile","S","101896766","GET","text/csv","200","9999","1","2","12","0","0","2104848"
"RestApi","20150726222521.358","3zHUT8WY5lDRIMH5Tipnt-","00D30000000V77Y","0053000000Ank29","18","6","204.14.239.17","/services/data/v33.0/sobjects/EventLogFile/0AT300000000Y4gGAE/LogFile","S","9207505","GET","text/csv","200","9999","1","2","37","10","0","2936"
"RestApi","20150726222521.593","3zHUT9OqZeduk6H5Til_P-","00D30000000V77Y","0053000000Ank29","16","5","204.14.239.17","/services/data/v33.0/sobjects/EventLogFile/0AT300000000Y4fGAE/LogFile","S","1157723","GET","text/csv","200","9999","1","2","18","0","0","7476"
"RestApi","20150726222521.823","3zHUTAFyXlFXZ6H5TipkE-","00D30000000V77Y","0053000000Ank29","14","5","204.14.239.17","/services/data/v33.0/sobjects/EventLogFile/0AT300000000Y4eGAE/LogFile","S","4292812","GET","text/csv","200","9999","1","2","18","0","0","319"
"RestApi","20150726222522.094","3zHUTBH1DhjdhrH5TilTr-","00D30000000V77Y","0053000000Ank29","13","5","204.14.239.17","/services/data/v33.0/sobjects/EventLogFile/0AT300000000Y4dGAE/LogFile","S","7597317","GET","text/csv","200","9999","1","2","12","0","0","1603"
"RestApi","20150726222522.499","3zHUTCBBB62KkbH5Tipwv-","00D30000000V77Y","0053000000Ank29","175","11","204.14.239.17","/services/data/v33.0/sobjects/EventLogFile/0AT300000000Y4cGAE/LogFile","S","70859156","GET","text/csv","200","9999","1","2","12","0","0","265778"
"RestApi","20150726222523.089","3zHUTEp-6K61orH5Tildr-","00D30000000V77Y","0053000000Ank29","56","19","204.14.239.17","/services/data/v33.0/sobjects/EventLogFile/0AT300000000Y4bGAE/LogFile","S","28185173","GET","text/csv","200","9999","1","2","18","0","0","1019"
"RestApi","20150726222523.318","3zHUTFpJyPRX_MH5TipkE-","00D30000000V77Y","0053000000Ank29","16","5","204.14.239.17","/services/data/v33.0/sobjects/EventLogFile/0AT300000000XqkGAE/LogFile","S","8469589","GET","text/csv","200","9999","1","2","12","0","0","6803"
"RestApi","20150726222523.561","3zHUTGiM9AOuwrH5Tilrk-","00D30000000V77Y","0053000000Ank29","19","6","204.14.239.17","/services/data/v33.0/sobjects/EventLogFile/0AT300000000XqtGAE/LogFile","S","10166941","GET","text/csv","200","9999","1","2","37","10","0","7307"
"RestApi","20150726222523.796","3zHUTHae7ByFh6H5Tim-y-","00D30000000V77Y","0053000000Ank29","19","5","204.14.239.17","/services/data/v33.0/sobjects/EventLogFile/0AT300000000XqsGAE/LogFile","S","9452090","GET","text/csv","200","9999","1","2","42","10","0","25922"
"RestApi","20150726222524.108","3zHUTIgmqPH1ZrH5Tipmk-","00D30000000V77Y","0053000000Ank29","36","8","204.14.239.17","/services/data/v33.0/sobjects/EventLogFile/0AT300000000XqrGAE/LogFile","S","10614589","GET","text/csv","200","9999","1","2","21","0","0","169440"
"RestApi","20150726222524.608","3zHUTKb6R8pt36H5Tipu4-","00D30000000V77Y","0053000000Ank29","24","6","204.14.239.17","/services/data/v33.0/sobjects/EventLogFile/0AT300000000XqqGAE/LogFile","S","17085456","GET","text/csv","200","9999","1","2","18","0","0","743"
"RestApi","20150726222524.961","3zHUTLSwAczEnrH5Tiluk-","00D30000000V77Y","0053000000Ank29","146","22","204.14.239.17","/services/data/v33.0/sobjects/EventLogFile/0AT300000000XqpGAE/LogFile","S","49397118","GET","text/csv","200","9999","1","2","12","10","0","319"
"RestApi","20150726222525.216","3zHUTMrP2_7Gi6H5Tipnr-","00D30000000V77Y","0053000000Ank29","26","6","204.14.239.17","/services/data/v33.0/sobjects/EventLogFile/0AT300000000XqoGAE/LogFile","S","17641800","GET","text/csv","200","9999","1","2","12","10","0","2723"
"RestApi","20150726222525.551","3zHUTNmZazhuxMH5Tilrk-","00D30000000V77Y","0053000000Ank29","112","9","204.14.239.17","/services/data/v33.0/sobjects/EventLogFile/0AT300000000XqnGAE/LogFile","S","82557909","GET","text/csv","200","9999","1","2","12","0","0","267754"
"RestApi","20150726222526.125","3zHUTQHJRZW4IbH5Tipse-","00D30000000V77Y","0053000000Ank29","17","6","204.14.239.17","/services/data/v33.0/sobjects/EventLogFile/0AT300000000XqmGAE/LogFile","S","9489259","GET","text/csv","200","9999","1","2","37","0","0","1018"
"RestApi","20150726222527.676","3zHUTRVFntSPKrH5Tipx2-","00D30000000V77Y","0053000000Ank29","1240","28","204.14.239.17","/services/data/v33.0/sobjects/EventLogFile/0AT300000000XqlGAE/LogFile","S","79737424","GET","text/csv","200","9999","1","2","18","0","0","2111651"
"RestApi","20150726222528.027","3zHUTXMP1JcGjbH5Tipnr-","00D30000000V77Y","0053000000Ank29","18","5","204.14.239.17","/services/data/v33.0/sobjects/EventLogFile/0AT300000000XdkGAE/LogFile","S","11848577","GET","text/csv","200","9999","1","2","18","0","0","1151"
"RestApi","20150726222528.240","3zHUTYALnbqRMMH5Tipnt-","00D30000000V77Y","0053000000Ank29","14","5","204.14.239.17","/services/data/v33.0/sobjects/EventLogFile/0AT300000000XdqGAE/LogFile","S","8209486","GET","text/csv","200","9999","1","2","12","0","0","1274"
"RestApi","20150726222528.509","3zHUTZ3nDrcXcbH5TipkE-","00D30000000V77Y","0053000000Ank29","41","7","204.14.239.17","/services/data/v33.0/sobjects/EventLogFile/0AT300000000XdpGAE/LogFile","S","9678151","GET","text/csv","200","9999","1","2","21","10","0","168150"
"RestApi","20150726222528.993","3zHUT_szV-qX-MH5TipxT-","00D30000000V77Y","0053000000Ank29","37","21","204.14.239.17","/services/data/v33.0/sobjects/EventLogFile/0AT300000000XdoGAE/LogFile","S","11495761","GET","text/csv","200","9999","1","2","12","0","0","319"
"RestApi","20150726222529.234","3zHUTaqkYvAG-MH5TipsA-","00D30000000V77Y","0053000000Ank29","20","6","204.14.239.17","/services/data/v33.0/sobjects/EventLogFile/0AT300000000XdnGAE/LogFile","S","10516197","GET","text/csv","200","9999","1","2","12","0","0","1043"
"RestApi","20150726222529.556","3zHUTbgg6P-Gk6H5Tipnr-","00D30000000V77Y","0053000000Ank29","116","9","204.14.239.17","/services/data/v33.0/sobjects/EventLogFile/0AT300000000XdmGAE/LogFile","S","86528339","GET","text/csv","200","9999","1","2","18","10","0","266535"
"RestApi","20150726222529.887","3zHUTdJ0rpKRS6H5TillV-","00D30000000V77Y","0053000000Ank29","14","5","204.14.239.17","/services/data/v33.0/sobjects/EventLogFile/0AT300000000XdlGAE/LogFile","S","8923301","GET","text/csv","200","9999","1","2","12","0","0","1018"
"RestApi","20150726222531.215","3zHUTe6bc6CGEMH5Tipt5-","00D30000000V77Y","0053000000Ank29","1124","30","204.14.239.17","/services/data/v33.0/sobjects/EventLogFile/0AT300000000XdjGAE/LogFile","S","1285991","GET","text/csv","200","9999","1","2","12","10","0","2103056"
"RestApi","20150726222531.550","3zHUTjS9oHqbhrH5TipoZ-","00D30000000V77Y","0053000000Ank29","27","6","204.14.239.17","/services/data/v33.0/sobjects/EventLogFile/0AT300000000XQ8GAM/LogFile","S","20262276","GET","text/csv","200","9999","1","2","12","0","0","1152"
"RestApi","20150726222531.780","3zHUTkKx_ar1p6H5Tildr-","00D30000000V77Y","0053000000Ank29","18","4","204.14.239.17","/services/data/v33.0/sobjects/EventLogFile/0AT300000000XQTGA2/LogFile","S","12419627","GET","text/csv","200","9999","1","2","12","10","0","2356"
"RestApi","20150726222532.054","3zHUTlEWAcBXdrH5TipkE-","00D30000000V77Y","0053000000Ank29","52","7","204.14.239.17","/services/data/v33.0/sobjects/EventLogFile/0AT300000000XQSGA2/LogFile","S","1446012","GET","text/csv","200","9999","1","2","19","10","0","88200"
"RestApi","20150726222532.460","3zHUTmsX3THPLrH5TipsC-","00D30000000V77Y","0053000000Ank29","17","5","204.14.239.17","/services/data/v33.0/sobjects/EventLogFile/0AT300000000XQRGA2/LogFile","S","9812820","GET","text/csv","200","9999","1","2","34","10","0","319"
"RestApi","20150726222532.691","3zHUTnjxmPx9SMH5TippD-","00D30000000V77Y","0053000000Ank29","16","6","204.14.239.17","/services/data/v33.0/sobjects/EventLogFile/0AT300000000XQQGA2/LogFile","S","9741737","GET","text/csv","200","9999","1","2","12","10","0","1379"
"RestApi","20150726222533.028","3zHUToeMeU_t66H5Tipu4-","00D30000000V77Y","0053000000Ank29","109","11","204.14.239.17","/services/data/v33.0/sobjects/EventLogFile/0AT300000000XQAGA2/LogFile","S","72544337","GET","text/csv","200","9999","1","2","18","0","0","266992"
"RestApi","20150726222533.777","3zHUTrnJU1eFirH5Tim-y-","00D30000000V77Y","0053000000Ank29","13","5","204.14.239.17","/services/data/v33.0/sobjects/EventLogFile/0AT300000000XQ9GAM/LogFile","S","8635138","GET","text/csv","200","9999","1","2","12","0","0","1017"
"RestApi","20150726222535.566","3zHUTu22BHK9TbH5TippD-","00D30000000V77Y","0053000000Ank29","1200","28","204.14.239.17","/services/data/v33.0/sobjects/EventLogFile/0AT300000000XQ7GAM/LogFile","S","1477338","GET","text/csv","200","9999","1","2","12","0","0","2104234"
"RestApi","20150726222537.022","3zHUTzZMz0pGH6H5Tipt5-","00D30000000V77Y","0053000000Ank29","1174","28","204.14.239.17","/services/data/v33.0/sobjects/EventLogFile/0AT300000000XFwGAM/LogFile","S","1403563","GET","text/csv","200","9999","1","2","12","0","0","2095468"
"RestApi","20150726222537.354","3zHUU44R_79RQrH5Tipnt-","00D30000000V77Y","0053000000Ank29","26","6","204.14.239.17","/services/data/v33.0/sobjects/EventLogFile/0AT300000000XG1GAM/LogFile","S","12581809","GET","text/csv","200","9999","1","2","37","0","0","5049"
"RestApi","20150726222537.590","3zHUU5-HWHHRQrH5Tipnt-","00D30000000V77Y","0053000000Ank29","15","4","204.14.239.17","/services/data/v33.0/sobjects/EventLogFile/0AT300000000XG0GAM/LogFile","S","9658216","GET","text/csv","200","9999","1","2","12","0","0","319"
"RestApi","20150726222537.820","3zHUU5qcxxLFjbH5Tim-y-","00D30000000V77Y","0053000000Ank29","16","6","204.14.239.17","/services/data/v33.0/sobjects/EventLogFile/0AT300000000XFzGAM/LogFile","S","9774916","GET","text/csv","200","9999","1","2","18","0","0","707"
"RestApi","20150726222538.141","3zHUU6hamRhPKrH5Tipx2-","00D30000000V77Y","0053000000Ank29","107","10","204.14.239.17","/services/data/v33.0/sobjects/EventLogFile/0AT300000000XFyGAM/LogFile","S","55669513","GET","text/csv","200","9999","1","2","12","0","0","264594"
"RestApi","20150726222538.744","3zHUU9IbG_fG3MH5TipsA-","00D30000000V77Y","0053000000Ank29","14","5","204.14.239.17","/services/data/v33.0/sobjects/EventLogFile/0AT300000000XFxGAM/LogFile","S","8413057","GET","text/csv","200","9999","1","2","12","0","0","1018"
"RestApi","20150726222540.087","3zHUUA5ave1FjbH5Tim-y-","00D30000000V77Y","0053000000Ank29","1143","31","204.14.239.17","/services/data/v33.0/sobjects/EventLogFile/0AT300000000X6iGAE/LogFile","S","105969824","GET","text/csv","200","9999","1","2","12","10","0","2087889"
"RestApi","20150726222540.462","3zHUUFg8JegGp6H5Tipnr-","00D30000000V77Y","0053000000Ank29","19","6","204.14.239.17","/services/data/v33.0/sobjects/EventLogFile/0AT300000000X6xGAE/LogFile","S","11991181","GET","text/csv","200","9999","1","2","12","10","0","5078"
"RestApi","20150726222540.693","3zHUUGYmS6DFjbH5Tim-y-","00D30000000V77Y","0053000000Ank29","15","5","204.14.239.17","/services/data/v33.0/sobjects/EventLogFile/0AT300000000X6wGAE/LogFile","S","9952982","GET","text/csv","200","9999","1","2","18","0","0","318"
"RestApi","20150726222540.935","3zHUUHSDdErsPMH5TillE-","00D30000000V77Y","0053000000Ank29","17","5","204.14.239.17","/services/data/v33.0/sobjects/EventLogFile/0AT300000000X6vGAE/LogFile","S","10772738","GET","text/csv","200","9999","1","2","12","0","0","1267"
"RestApi","20150726222541.262","3zHUUIGSrzeRRbH5Tipnt-","00D30000000V77Y","0053000000Ank29","125","9","204.14.239.17","/services/data/v33.0/sobjects/EventLogFile/0AT300000000X6uGAE/LogFile","S","89782612","GET","text/csv","200","9999","1","2","12","0","0","263664"
"RestApi","20150726222541.816","3zHUUKjAGe-LMMH5Tipxn-","00D30000000V77Y","0053000000Ank29","18","5","204.14.239.17","/services/data/v33.0/sobjects/EventLogFile/0AT300000000X6jGAE/LogFile","S","11932287","GET","text/csv","200","9999","1","2","12","0","0","1018"
"RestApi","20150726222542.050","3zHUULYavq1biMH5TipoZ-","00D30000000V77Y","0053000000Ank29","30","6","204.14.239.17","/services/data/v33.0/sobjects/EventLogFile/0AT300000000WwQGAU/LogFile","S","14622246","GET","text/csv","200","9999","1","2","38","10","0","10126"
"RestApi","20150726222542.318","3zHUUMaM_77jB6H5Tilu2-","00D30000000V77Y","0053000000Ank29","20","7","204.14.239.17","/services/data/v33.0/sobjects/EventLogFile/0AT300000000WwXGAU/LogFile","S","11962555","GET","text/csv","200","9999","1","2","12","0","0","2044"
"RestApi","20150726222542.549","3zHUUNSsBW8PKrH5Tipx2-","00D30000000V77Y","0053000000Ank29","17","5","204.14.239.17","/services/data/v33.0/sobjects/EventLogFile/0AT300000000WwWGAU/LogFile","S","9853233","GET","text/csv","200","9999","1","2","38","10","0","10695"
"RestApi","20150726222542.810","3zHUUORLs6rEpMH5Tiluk-","00D30000000V77Y","0053000000Ank29","17","5","204.14.239.17","/services/data/v33.0/sobjects/EventLogFile/0AT300000000WwVGAU/LogFile","S","10971688","GET","text/csv","200","9999","1","2","19","0","0","6110"
"RestApi","20150726222543.033","3zHUUPGzKwMG56H5TipsA-","00D30000000V77Y","0053000000Ank29","15","5","204.14.239.17","/services/data/v33.0/sobjects/EventLogFile/0AT300000000WwUGAU/LogFile","S","3681365","GET","text/csv","200","9999","1","2","12","0","0","318"
"RestApi","20150726222543.250","3zHUUQ4Mt_SPLMH5Tipx2-","00D30000000V77Y","0053000000Ank29","16","5","204.14.239.17","/services/data/v33.0/sobjects/EventLogFile/0AT300000000WwTGAU/LogFile","S","8511020","GET","text/csv","200","9999","1","2","37","0","0","3065"
"RestApi","20150726222543.542","3zHUUQti7lVXhrH5TipkE-","00D30000000V77Y","0053000000Ank29","88","10","204.14.239.17","/services/data/v33.0/sobjects/EventLogFile/0AT300000000WwSGAU/LogFile","S","54843829","GET","text/csv","200","9999","1","2","12","0","0","267144"
"RestApi","20150726222544.727","3zHUUVYH3xAEpMH5Tiluk-","00D30000000V77Y","0053000000Ank29","25","7","204.14.239.17","/services/data/v33.0/sobjects/EventLogFile/0AT300000000WwRGAU/LogFile","S","17416545","GET","text/csv","200","9999","1","2","12","0","0","1018"
"RestApi","20150726222546.080","3zHUUWpFygLhPbH5Tipm1-","00D30000000V77Y","0053000000Ank29","1034","28","204.14.239.17","/services/data/v33.0/sobjects/EventLogFile/0AT300000000WwFGAU/LogFile","S","69407134","GET","text/csv","200","9999","1","2","12","0","0","2099140"
"RestApi","20150726222546.394","3zHUUaiXvqTifMH5Tipog-","00D30000000V77Y","0053000000Ank29","34","6","204.14.239.17","/services/data/v33.0/sobjects/EventLogFile/0AT300000000WkVGAU/LogFile","S","13423068","GET","text/csv","200","9999","1","2","19","0","0","70099"
"RestApi","20150726222546.725","3zHUUc1OJ0M1qMH5Tildr-","00D30000000V77Y","0053000000Ank29","14","4","204.14.239.17","/services/data/v33.0/sobjects/EventLogFile/0AT300000000WkdGAE/LogFile","S","8496369","GET","text/csv","200","9999","1","2","12","10","0","6013"
"RestApi","20150726222546.951","3zHUUcrbSfD1k6H5Tipmk-","00D30000000V77Y","0053000000Ank29","17","6","204.14.239.17","/services/data/v33.0/sobjects/EventLogFile/0AT300000000WkcGAE/LogFile","S","9619360","GET","text/csv","200","9999","1","2","12","10","0","14691"
"RestApi","20150726222547.206","3zHUUdl30WfsPrH5TillE-","00D30000000V77Y","0053000000Ank29","30","5","204.14.239.17","/services/data/v33.0/sobjects/EventLogFile/0AT300000000WkbGAE/LogFile","S","10221398","GET","text/csv","200","9999","1","2","19","0","0","85950"
"RestApi","20150726222547.628","3zHUUfOHuyA1qMH5Tildr-","00D30000000V77Y","0053000000Ank29","14","5","204.14.239.17","/services/data/v33.0/sobjects/EventLogFile/0AT300000000WkaGAE/LogFile","S","8257734","GET","text/csv","200","9999","1","2","12","10","0","319"
"RestApi","20150726222548.008","3zHUUgnhgxHifbH5Tipog-","00D30000000V77Y","0053000000Ank29","17","5","204.14.239.17","/services/data/v33.0/sobjects/EventLogFile/0AT300000000WkZGAU/LogFile","S","9745838","GET","text/csv","200","9999","1","2","12","0","0","808"
"RestApi","20150726222548.252","3zHUUhhKsrOulMH5Til_P-","00D30000000V77Y","0053000000Ank29","19","5","204.14.239.17","/services/data/v33.0/sobjects/EventLogFile/0AT300000000WkYGAU/LogFile","S","12602188","GET","text/csv","200","9999","1","2","18","0","0","1496"
"RestApi","20150726222548.578","3zHUUiaH1R89X6H5TippD-","00D30000000V77Y","0053000000Ank29","106","10","204.14.239.17","/services/data/v33.0/sobjects/EventLogFile/0AT300000000WkXGAU/LogFile","S","79195219","GET","text/csv","200","9999","1","2","12","0","0","266963"
"RestApi","20150726222549.195","3zHUUl9J785tTbH5Tiq2I-","00D30000000V77Y","0053000000Ank29","35","20","204.14.239.17","/services/data/v33.0/sobjects/EventLogFile/0AT300000000WkWGAU/LogFile","S","9983696","GET","text/csv","200","9999","1","2","18","0","0","1018"
"RestApi","20150726222550.900","3zHUUm4wPdQKv6H5Tipwv-","00D30000000V77Y","0053000000Ank29","1489","29","204.14.239.17","/services/data/v33.0/sobjects/EventLogFile/0AT300000000WkUGAU/LogFile","S","57863710","GET","text/csv","200","9999","1","2","12","0","0","2122844"
"RestApi","20150726222551.251","3zHUUssvb7ndrbH5TilTr-","00D30000000V77Y","0053000000Ank29","17","5","204.14.239.17","/services/data/v33.0/sobjects/EventLogFile/0AT300000000WWzGAM/LogFile","S","4191495","GET","text/csv","200","9999","1","2","13","0","0","15034"
"RestApi","20150726222551.484","3zHUUtlBRlQdrbH5TilTr-","00D30000000V77Y","0053000000Ank29","14","4","204.14.239.17","/services/data/v33.0/sobjects/EventLogFile/0AT300000000WX7GAM/LogFile","S","8319358","GET","text/csv","200","9999","1","2","12","10","0","1544"
"RestApi","20150726222551.744","3zHUUuiI5akLMrH5Tipxn-","00D30000000V77Y","0053000000Ank29","17","4","204.14.239.17","/services/data/v33.0/sobjects/EventLogFile/0AT300000000WX6GAM/LogFile","S","9755145","GET","text/csv","200","9999","1","2","39","10","0","19506"
"RestApi","20150726222552.008","3zHUUvhrS85ifrH5Tipog-","00D30000000V77Y","0053000000Ank29","14","5","204.14.239.17","/services/data/v33.0/sobjects/EventLogFile/0AT300000000WX5GAM/LogFile","S","8094906","GET","text/csv","200","9999","1","2","12","0","0","5582"
"RestApi","20150726222552.240","3zHUUwZfaj1POrH5TipsC-","00D30000000V77Y","0053000000Ank29","16","5","204.14.239.17","/services/data/v33.0/sobjects/EventLogFile/0AT300000000WX4GAM/LogFile","S","9380425","GET","text/csv","200","9999","1","2","37","0","0","319"
"RestApi","20150726222552.469","3zHUUxQuR0GtBMH5Tipu4-","00D30000000V77Y","0053000000Ank29","15","5","204.14.239.17","/services/data/v33.0/sobjects/EventLogFile/0AT300000000WX3GAM/LogFile","S","8889043","GET","text/csv","200","9999","1","2","12","0","0","310"
"RestApi","20150726222552.702","3zHUUyHs9UdumbH5Til_P-","00D30000000V77Y","0053000000Ank29","17","5","204.14.239.17","/services/data/v33.0/sobjects/EventLogFile/0AT300000000WX2GAM/LogFile","S","198887172","GET","text/csv","200","9999","1","2","18","0","0","2051"
"RestApi","20150726222553.031","3zHUUz60wBgGu6H5Tipnr-","00D30000000V77Y","0053000000Ank29","126","11","204.14.239.17","/services/data/v33.0/sobjects/EventLogFile/0AT300000000WX1GAM/LogFile","S","100900834","GET","text/csv","200","9999","1","2","18","0","0","266488"
"RestApi","20150726222553.447","3zHUV03yTWEEpbH5Tiluk-","00D30000000V77Y","0053000000Ank29","15","4","204.14.239.17","/services/data/v33.0/sobjects/EventLogFile/0AT300000000WX0GAM/LogFile","S","9896533","GET","text/csv","200","9999","1","2","12","10","0","1019"
"RestApi","20150726222555.221","3zHUV0w3G_v1qbH5Tildr-","00D30000000V77Y","0053000000Ank29","1557","27","204.14.239.17","/services/data/v33.0/sobjects/EventLogFile/0AT300000000WWyGAM/LogFile","S","72717085","GET","text/csv","200","9999","1","2","12","0","0","2098346"
"RestApi","20150726222555.578","3zHUV7zLv4GRUrH5TillV-","00D30000000V77Y","0053000000Ank29","22","5","204.14.239.17","/services/data/v33.0/sobjects/EventLogFile/0AT300000000WJAGA2/LogFile","S","14141932","GET","text/csv","200","9999","1","2","23","0","0","25299"
"RestApi","20150726222555.818","3zHUV8tsjrojG6H5Tilu2-","00D30000000V77Y","0053000000Ank29","15","5","204.14.239.17","/services/data/v33.0/sobjects/EventLogFile/0AT300000000WJHGA2/LogFile","S","9870956","GET","text/csv","200","9999","1","2","12","0","0","2422"
"RestApi","20150726222556.053","3zHUV9lPULf1qbH5Tildr-","00D30000000V77Y","0053000000Ank29","17","5","204.14.239.17","/services/data/v33.0/sobjects/EventLogFile/0AT300000000WJGGA2/LogFile","S","9663611","GET","text/csv","200","9999","1","2","23","0","0","18958"
"RestApi","20150726222556.658","3zHUVAmwwDxPLrH5Tipx2-","00D30000000V77Y","0053000000Ank29","348","12","204.14.239.17","/services/data/v33.0/sobjects/EventLogFile/0AT300000000WJFGA2/LogFile","S","72684475","GET","text/csv","200","9999","1","2","18","10","0","461797"
"RestApi","20150726222557.025","3zHUVDOAGPmhQMH5Tipm1-","00D30000000V77Y","0053000000Ank29","18","6","204.14.239.17","/services/data/v33.0/sobjects/EventLogFile/0AT300000000WJEGA2/LogFile","S","10042873","GET","text/csv","200","9999","1","2","12","0","0","319"
"RestApi","20150726222557.246","3zHUVEDPjzbsRMH5TillE-","00D30000000V77Y","0053000000Ank29","16","5","204.14.239.17","/services/data/v33.0/sobjects/EventLogFile/0AT300000000WJDGA2/LogFile","S","9280197","GET","text/csv","200","9999","1","2","12","10","0","1895"
"RestApi","20150726222557.558","3zHUVF4PavzG96H5TipsA-","00D30000000V77Y","0053000000Ank29","97","12","204.14.239.17","/services/data/v33.0/sobjects/EventLogFile/0AT300000000WJCGA2/LogFile","S","69364820","GET","text/csv","200","9999","1","2","12","0","0","276752"
"RestApi","20150726222558.162","3zHUVHchmNNQMLn14nNU--","00D30000000V77Y","0053000000Ank29","17","4","204.14.239.17","/services/data/v33.0/sobjects/EventLogFile/0AT300000000WJBGA2/LogFile","S","10475044","GET","text/csv","200","9999","1","2","12","10","0","1224"
"RestApi","20150726222559.317","3zHUVISJUT-QMLn14nNU--","00D30000000V77Y","0053000000Ank29","951","27","204.14.239.17","/services/data/v33.0/sobjects/EventLogFile/0AT300000000WJ9GAM/LogFile","S","71267911","GET","text/csv","200","9999","1","2","18","0","0","2101967"
"RestApi","20150726222559.672","3zHUVNBbkO-jGbH5Tilu2-","00D30000000V77Y","0053000000Ank29","34","6","204.14.239.17","/services/data/v33.0/sobjects/EventLogFile/0AT300000000W6DGAU/LogFile","S","9199287","GET","text/csv","200","9999","1","2","23","0","0","191189"
"RestApi","20150726222600.139","3zHUVOzzJWWPLrH5Tipx2-","00D30000000V77Y","0053000000Ank29","16","5","204.14.239.17","/services/data/v33.0/sobjects/EventLogFile/0AT300000000W6NGAU/LogFile","S","10281942","GET","text/csv","200","9999","1","2","13","0","0","18203"
"RestApi","20150726222600.407","3zHUVPwOqC0PLrH5Tipx2-","00D30000000V77Y","0053000000Ank29","31","6","204.14.239.17","/services/data/v33.0/sobjects/EventLogFile/0AT300000000W6MGAU/LogFile","S","12071278","GET","text/csv","200","9999","1","2","27","0","0","102751"
"RestApi","20150726222601.711","3zHUVRQNP84RV6H5TillV-","00D30000000V77Y","0053000000Ank29","937","20","204.14.239.17","/services/data/v33.0/sobjects/EventLogFile/0AT300000000W6LGAU/LogFile","S","102134986","GET","text/csv","200","9999","1","2","18","0","0","1494187"
"RestApi","20150726222602.037","3zHUVW3XUVT1qMH5Tipmk-","00D30000000V77Y","0053000000Ank29","16","6","204.14.239.17","/services/data/v33.0/sobjects/EventLogFile/0AT300000000W6KGAU/LogFile","S","8838511","GET","text/csv","200","9999","1","2","12","10","0","552"
"RestApi","20150726222602.266","3zHUVWvZQ7fEqMH5Tiluk-","00D30000000V77Y","0053000000Ank29","15","4","204.14.239.17","/services/data/v33.0/sobjects/EventLogFile/0AT300000000W6JGAU/LogFile","S","9493148","GET","text/csv","200","9999","1","2","12","0","0","382"
"RestApi","20150726222602.505","3zHUVXjes7yAarH5TiplX-","00D30000000V77Y","0053000000Ank29","35","18","204.14.239.17","/services/data/v33.0/sobjects/EventLogFile/0AT300000000W6IGAU/LogFile","S","10823057","GET","text/csv","200","9999","1","2","12","0","0","2240"
"RestApi","20150726222602.957","3zHUVYicr7qih6H5Tipog-","00D30000000V77Y","0053000000Ank29","223","10","204.14.239.17","/services/data/v33.0/sobjects/EventLogFile/0AT300000000W6HGAU/LogFile","S","60506086","GET","text/csv","200","9999","1","2","12","0","0","330093"
"RestApi","20150726222603.358","3zHUV_zPI78r6bH5TipnY-","00D30000000V77Y","0053000000Ank29","17","5","204.14.239.17","/services/data/v33.0/sobjects/EventLogFile/0AT300000000W6GGAU/LogFile","S","10043721","GET","text/csv","200","9999","1","2","12","10","0","408"
"RestApi","20150726222603.579","3zHUVan2T3qAarH5TiplX-","00D30000000V77Y","0053000000Ank29","20","5","204.14.239.17","/services/data/v33.0/sobjects/EventLogFile/0AT300000000W6FGAU/LogFile","S","14519778","GET","text/csv","200","9999","1","2","36","20","0","540"
"RestApi","20150726222603.813","3zHUVbflQhytbMH5Tiq2I-","00D30000000V77Y","0053000000Ank29","17","6","204.14.239.17","/services/data/v33.0/sobjects/EventLogFile/0AT300000000W6EGAU/LogFile","S","10013695","GET","text/csv","200","9999","1","2","12","0","0","1018"
"RestApi","20150726222604.046","3zHUVcY4xguOAbH5Tilmd-","00D30000000V77Y","0053000000Ank29","18","6","204.14.239.17","/services/data/v33.0/sobjects/EventLogFile/0AT300000000W6CGAU/LogFile","S","10772834","GET","text/csv","200","9999","1","2","18","10","0","2303"
"RestApi","20150726222605.011","3zHUVdLlZzdr76H5TipnY-","00D30000000V77Y","0053000000Ank29","767","28","204.14.239.17","/services/data/v33.0/sobjects/EventLogFile/0AT300000000W6BGAU/LogFile","S","23858899","GET","text/csv","200","9999","1","2","12","0","0","2134524"
"RestApi","20150726222605.312","3zHUVhGVe_hv26H5Tilrk-","00D30000000V77Y","0053000000Ank29","15","5","204.14.239.17","/services/data/v33.0/sobjects/EventLogFile/0AT300000000W6AGAU/LogFile","S","9273402","GET","text/csv","200","9999","1","2","18","0","0","867"
"RestApi","20150726222606.743","3zHUVi7kgxvsSMH5TillE-","00D30000000V77Y","0053000000Ank29","1214","27","204.14.239.17","/services/data/v33.0/sobjects/EventLogFile/0AT300000000VwKGAU/LogFile","S","74122302","GET","text/csv","200","9999","1","2","12","0","0","2089475"
"RestApi","20150726222608.205","3zHUVnlEod5ihMH5Tipog-","00D30000000V77Y","0053000000Ank29","1165","24","204.14.239.17","/services/data/v33.0/sobjects/EventLogFile/0AT300000000VwPGAU/LogFile","S","76424697","GET","text/csv","200","9999","1","2","12","0","0","1715034"
"RestApi","20150726222608.518","3zHUVtCKv6p4XrH5Tipse-","00D30000000V77Y","0053000000Ank29","17","5","204.14.239.17","/services/data/v33.0/sobjects/EventLogFile/0AT300000000VwOGAU/LogFile","S","11015297","GET","text/csv","200","9999","1","2","34","10","0","552"
"RestApi","20150726222608.757","3zHUVu6PFQBLObH5Tipxn-","00D30000000V77Y","0053000000Ank29","14","4","204.14.239.17","/services/data/v33.0/sobjects/EventLogFile/0AT300000000VwNGAU/LogFile","S","9024041","GET","text/csv","200","9999","1","2","12","10","0","2275"
"RestApi","20150726222609.424","3zHUVwUAQQPFlbH5Tim-y-","00D30000000V77Y","0053000000Ank29","44","12","204.14.239.17","/services/data/v33.0/sobjects/EventLogFile/0AT300000000VwMGAU/LogFile","S","13140363","GET","text/csv","200","9999","1","2","18","0","0","290877"
"RestApi","20150726222609.833","3zHUVy13KkRQN5n14nNU--","00D30000000V77Y","0053000000Ank29","38","6","204.14.239.17","/services/data/v33.0/sobjects/EventLogFile/0AT300000000VwLGAU/LogFile","S","11452944","GET","text/csv","200","9999","1","2","12","10","0","1018"
"RestApi","20150726222610.063","3zHUVyy8ThpRV6H5TillV-","00D30000000V77Y","0053000000Ank29","17","4","204.14.239.17","/services/data/v33.0/sobjects/EventLogFile/0AT300000000Vo7GAE/LogFile","S","11801817","GET","text/csv","200","9999","1","2","18","0","0","561"
"RestApi","20150726222611.696","3zHUVzlhGiqtdbH5Tiq2I-","00D30000000V77Y","0053000000Ank29","1432","36","204.14.239.17","/services/data/v33.0/sobjects/EventLogFile/0AT300000000VoCGAU/LogFile","S","108847667","GET","text/csv","200","9999","1","2","12","10","0","3311863"
"RestApi","20150726222612.079","3zHUW5Sf3ttv3MH5Tilrk-","00D30000000V77Y","0053000000Ank29","19","6","204.14.239.17","/services/data/v33.0/sobjects/EventLogFile/0AT300000000VoBGAU/LogFile","S","10612504","GET","text/csv","200","9999","1","2","37","0","0","550"
"RestApi","20150726222612.302","3zHUW6IsF0S4_MH5Tipse-","00D30000000V77Y","0053000000Ank29","16","5","204.14.239.17","/services/data/v33.0/sobjects/EventLogFile/0AT300000000VoAGAU/LogFile","S","8369131","GET","text/csv","200","9999","1","2","37","0","0","1939"
"RestApi","20150726222612.584","3zHUW76OzHXFlrH5Tim-y-","00D30000000V77Y","0053000000Ank29","82","9","204.14.239.17","/services/data/v33.0/sobjects/EventLogFile/0AT300000000Vo9GAE/LogFile","S","59330390","GET","text/csv","200","9999","1","2","12","0","0","294406"
"RestApi","20150726222613.093","3zHUW9FacE9RcbH5Tipnt-","00D30000000V77Y","0053000000Ank29","16","5","204.14.239.17","/services/data/v33.0/sobjects/EventLogFile/0AT300000000Vo8GAE/LogFile","S","9483733","GET","text/csv","200","9999","1","2","12","0","0","1018"
"RestApi","20150726222614.349","3zHUWA4r7gQEqMH5Tiluk-","00D30000000V77Y","0053000000Ank29","1049","32","204.14.239.17","/services/data/v33.0/sobjects/EventLogFile/0AT300000000Vo6GAE/LogFile","S","29410425","GET","text/csv","200","9999","1","2","12","0","0","2089657"
"RestApi","20150726222614.728","3zHUWFA0VrHPQbH5TipsC-","00D30000000V77Y","0053000000Ank29","64","6","204.14.239.17","/services/data/v33.0/sobjects/EventLogFile/0AT300000000VdGGAU/LogFile","S","25733790","GET","text/csv","200","9999","1","2","43","10","0","125785"
"RestApi","20150726222615.163","3zHUWGybNeC4arH5Tipse-","00D30000000V77Y","0053000000Ank29","14","5","204.14.239.17","/services/data/v33.0/sobjects/EventLogFile/0AT300000000VdOGAU/LogFile","S","8276202","GET","text/csv","200","9999","1","2","12","0","0","2221"
"RestApi","20150726222615.417","3zHUWHpU7ZXFlrH5Tim-y-","00D30000000V77Y","0053000000Ank29","38","5","204.14.239.17","/services/data/v33.0/sobjects/EventLogFile/0AT300000000VdNGAU/LogFile","S","19040477","GET","text/csv","200","9999","1","2","44","0","0","42091"
"RestApi","20150726222617.478","3zHUWJ-tZFhGTrH5Tipt5-","00D30000000V77Y","0053000000Ank29","1782","43","204.14.239.17","/services/data/v33.0/sobjects/EventLogFile/0AT300000000VdMGAU/LogFile","S","110684315","GET","text/csv","200","9999","1","2","12","0","0","3814486"
"RestApi","20150726222617.797","3zHUWQlz97XXF6H5TipxT-","00D30000000V77Y","0053000000Ank29","16","7","204.14.239.17","/services/data/v33.0/sobjects/EventLogFile/0AT300000000VdLGAU/LogFile","S","8716322","GET","text/csv","200","9999","1","2","12","0","0","550"
"RestApi","20150726222618.030","3zHUWRdc6cCv3bH5Tilrk-","00D30000000V77Y","0053000000Ank29","15","4","204.14.239.17","/services/data/v33.0/sobjects/EventLogFile/0AT300000000VdKGAU/LogFile","S","9294529","GET","text/csv","200","9999","1","2","18","0","0","1628"
"RestApi","20150726222618.244","3zHUWSRnTBsXw6H5TipkE-","00D30000000V77Y","0053000000Ank29","14","5","204.14.239.17","/services/data/v33.0/sobjects/EventLogFile/0AT300000000VdJGAU/LogFile","S","8461125","GET","text/csv","200","9999","1","2","12","0","0","3283"
"RestApi","20150726222618.756","3zHUWTJQIdA1t6H5Tildr-","00D30000000V77Y","0053000000Ank29","294","9","204.14.239.17","/services/data/v33.0/sobjects/EventLogFile/0AT300000000VdIGAU/LogFile","S","14691611","GET","text/csv","200","9999","1","2","31","10","0","299295"
"RestApi","20150726222619.138","3zHUWVmLYgXRebH5Tipnt-","00D30000000V77Y","0053000000Ank29","14","5","204.14.239.17","/services/data/v33.0/sobjects/EventLogFile/0AT300000000VdHGAU/LogFile","S","8131767","GET","text/csv","200","9999","1","2","12","0","0","1019"
"RestApi","20150726222620.595","3zHUWWeb6U0tMMH5Tipu4-","00D30000000V77Y","0053000000Ank29","1235","27","204.14.239.17","/services/data/v33.0/sobjects/EventLogFile/0AT300000000VdFGAU/LogFile","S","94871762","GET","text/csv","200","9999","1","2","18","10","0","2096533"
"RestApi","20150726222620.902","3zHUWbKyAQutibH5Tiq2I-","00D30000000V77Y","0053000000Ank29","17","6","204.14.239.17","/services/data/v33.0/sobjects/EventLogFile/0AT300000000VdEGAU/LogFile","S","10420982","GET","text/csv","200","9999","1","2","12","0","0","936"
"RestApi","20150726222621.121","3zHUWcA37olGV6H5Tipt5-","00D30000000V77Y","0053000000Ank29","13","4","204.14.239.17","/services/data/v33.0/sobjects/EventLogFile/0AT300000000VR7GAM/LogFile","S","8289393","GET","text/csv","200","9999","1","2","12","0","0","1144"
"RestApi","20150726222621.339","3zHUWcyHkcWPNrH5Tipx2-","00D30000000V77Y","0053000000Ank29","17","7","204.14.239.17","/services/data/v33.0/sobjects/EventLogFile/0AT300000000VREGA2/LogFile","S","8964381","GET","text/csv","200","9999","1","2","12","10","0","1016"
"RestApi","20150726222621.562","3zHUWdmr1h91ybH5Tipmk-","00D30000000V77Y","0053000000Ank29","18","6","204.14.239.17","/services/data/v33.0/sobjects/EventLogFile/0AT300000000VRDGA2/LogFile","S","4131075","GET","text/csv","200","9999","1","2","12","0","0","7942"
"RestApi","20150726222623.963","3zHUWetthSf1t6H5Tildr-","00D30000000V77Y","0053000000Ank29","2122","38","204.14.239.17","/services/data/v33.0/sobjects/EventLogFile/0AT300000000VRCGA2/LogFile","S","1409226","GET","text/csv","200","9999","1","2","18","10","0","3446428"
"RestApi","20150726222624.279","3zHUWnvKhaUL56H5Tipwv-","00D30000000V77Y","0053000000Ank29","17","5","204.14.239.17","/services/data/v33.0/sobjects/EventLogFile/0AT300000000VRBGA2/LogFile","S","10071584","GET","text/csv","200","9999","1","2","12","10","0","550"
"RestApi","20150726222624.509","3zHUWomk51OGWbH5Tipt5-","00D30000000V77Y","0053000000Ank29","13","5","204.14.239.17","/services/data/v33.0/sobjects/EventLogFile/0AT300000000VRAGA2/LogFile","S","7979292","GET","text/csv","200","9999","1","2","12","0","0","3580"
"RestApi","20150726222624.834","3zHUWpbGtp9hSrH5Tipm1-","00D30000000V77Y","0053000000Ank29","118","13","204.14.239.17","/services/data/v33.0/sobjects/EventLogFile/0AT300000000VR9GAM/LogFile","S","76723430","GET","text/csv","200","9999","1","2","12","0","0","300139"
"RestApi","20150726222625.370","3zHUWrxmC_O9l6H5TippD-","00D30000000V77Y","0053000000Ank29","24","6","204.14.239.17","/services/data/v33.0/sobjects/EventLogFile/0AT300000000VR8GAM/LogFile","S","9175813","GET","text/csv","200","9999","1","2","37","10","0","1019"
"RestApi","20150726222626.718","3zHUWsqKzYXilMH5Tipog-","00D30000000V77Y","0053000000Ank29","1134","29","204.14.239.17","/services/data/v33.0/sobjects/EventLogFile/0AT300000000VR1GAM/LogFile","S","76385113","GET","text/csv","200","9999","1","2","34","0","0","2095855"
"RestApi","20150726222627.074","3zHUWyKm36HbmMH5TipoZ-","00D30000000V77Y","0053000000Ank29","16","5","204.14.239.17","/services/data/v33.0/sobjects/EventLogFile/0AT300000000VR0GAM/LogFile","S","10343913","GET","text/csv","200","9999","1","2","18","0","0","935"
"RestApi","20150726222628.327","3zHUWz8WBFuim6H5Tipog-","00D30000000V77Y","0053000000Ank29","1053","29","204.14.239.17","/services/data/v33.0/sobjects/EventLogFile/0AT300000000VDhGAM/LogFile","S","122389722","GET","text/csv","200","9999","1","2","12","10","0","2097102"
"RestApi","20150726222628.690","3zHUX3LJfwEGHMH5TipsA-","00D30000000V77Y","0053000000Ank29","20","6","204.14.239.17","/services/data/v33.0/sobjects/EventLogFile/0AT300000000VE5GAM/LogFile","S","11426112","GET","text/csv","200","9999","1","2","37","0","0","3416"
"RestApi","20150726222628.907","3zHUX49ielCv4bH5Tilrk-","00D30000000V77Y","0053000000Ank29","17","5","204.14.239.17","/services/data/v33.0/sobjects/EventLogFile/0AT300000000VE4GAM/LogFile","S","9646354","GET","text/csv","200","9999","1","2","38","10","0","9494"
"RestApi","20150726222629.148","3zHUX53vZ3jGHbH5TipsA-","00D30000000V77Y","0053000000Ank29","14","5","204.14.239.17","/services/data/v33.0/sobjects/EventLogFile/0AT300000000VE2GAM/LogFile","S","8407934","GET","text/csv","200","9999","1","2","12","10","0","1736"
"RestApi","20150726222630.703","3zHUX5susUOumrH5Til_P-","00D30000000V77Y","0053000000Ank29","1350","36","204.14.239.17","/services/data/v33.0/sobjects/EventLogFile/0AT300000000VE3GAM/LogFile","S","87824903","GET","text/csv","200","9999","1","2","18","0","0","3164847"
"RestApi","20150726222631.040","3zHUXC6LBqbL7rH5Tipwv-","00D30000000V77Y","0053000000Ank29","16","5","204.14.239.17","/services/data/v33.0/sobjects/EventLogFile/0AT300000000VE1GAM/LogFile","S","9990005","GET","text/csv","200","9999","1","2","12","0","0","740"
"RestApi","20150726222631.261","3zHUXCvx6K_rAbH5TipnY-","00D30000000V77Y","0053000000Ank29","17","6","204.14.239.17","/services/data/v33.0/sobjects/EventLogFile/0AT300000000VE0GAM/LogFile","S","10831074","GET","text/csv","200","9999","1","2","12","0","0","552"
"RestApi","20150726222631.495","3zHUXDo0KyaAbrH5TiplX-","00D30000000V77Y","0053000000Ank29","16","4","204.14.239.17","/services/data/v33.0/sobjects/EventLogFile/0AT300000000VDzGAM/LogFile","S","9928812","GET","text/csv","200","9999","1","2","12","10","0","3288"
"RestApi","20150726222631.836","3zHUXEiUepcQOLn14nNU--","00D30000000V77Y","0053000000Ank29","112","10","204.14.239.17","/services/data/v33.0/sobjects/EventLogFile/0AT300000000VDyGAM/LogFile","S","89296494","GET","text/csv","200","9999","1","2","12","0","0","297683"
"RestApi","20150726222632.416","3zHUXHCJ5jeFmMH5Tim-y-","00D30000000V77Y","0053000000Ank29","26","6","204.14.239.17","/services/data/v33.0/sobjects/EventLogFile/0AT300000000VDiGAM/LogFile","S","13087462","GET","text/csv","200","9999","1","2","37","0","0","1019"
"RestApi","20150726222632.630","3zHUXI1CZk0v4bH5Tilrk-","00D30000000V77Y","0053000000Ank29","16","6","204.14.239.17","/services/data/v33.0/sobjects/EventLogFile/0AT300000000V1AGAU/LogFile","S","9518942","GET","text/csv","200","9999","1","2","18","0","0","7883"
"RestApi","20150726222632.865","3zHUXIud5BmFmMH5Tim-y-","00D30000000V77Y","0053000000Ank29","15","5","204.14.239.17","/services/data/v33.0/sobjects/EventLogFile/0AT300000000V1JGAU/LogFile","S","9092673","GET","text/csv","200","9999","1","2","12","0","0","3713"
"RestApi","20150726222633.083","3zHUXJi5xhojXMH5Tilu2-","00D30000000V77Y","0053000000Ank29","17","5","204.14.239.17","/services/data/v33.0/sobjects/EventLogFile/0AT300000000V1IGAU/LogFile","S","11742182","GET","text/csv","200","9999","1","2","12","0","0","9952"
"RestApi","20150726222633.315","3zHUXK_kDgmbmrH5TipoZ-","00D30000000V77Y","0053000000Ank29","15","5","204.14.239.17","/services/data/v33.0/sobjects/EventLogFile/0AT300000000V1GGAU/LogFile","S","9086196","GET","text/csv","200","9999","1","2","12","10","0","1736"
"RestApi","20150726222635.229","3zHUXLT-l4FY-bH5TipkE-","00D30000000V77Y","0053000000Ank29","1694","43","204.14.239.17","/services/data/v33.0/sobjects/EventLogFile/0AT300000000V1HGAU/LogFile","S","1990030","GET","text/csv","200","9999","1","2","12","10","0","3557896"
"RestApi","20150726222635.566","3zHUXSyOXdGv4bH5Tilrk-","00D30000000V77Y","0053000000Ank29","15","5","204.14.239.17","/services/data/v33.0/sobjects/EventLogFile/0AT300000000V1FGAU/LogFile","S","9176236","GET","text/csv","200","9999","1","2","12","0","0","740"
"RestApi","20150726222635.803","3zHUXTqslEP23MH5Tipmk-","00D30000000V77Y","0053000000Ank29","16","6","204.14.239.17","/services/data/v33.0/sobjects/EventLogFile/0AT300000000V1EGAU/LogFile","S","9827102","GET","text/csv","200","9999","1","2","12","0","0","552"
"RestApi","20150726222636.034","3zHUXUhonHjsWMH5TillE-","00D30000000V77Y","0053000000Ank29","17","7","204.14.239.17","/services/data/v33.0/sobjects/EventLogFile/0AT300000000V1DGAU/LogFile","S","9698732","GET","text/csv","200","9999","1","2","12","0","0","3843"
"RestApi","20150726222636.342","3zHUXVWO7DML9bH5Tipwv-","00D30000000V77Y","0053000000Ank29","109","9","204.14.239.17","/services/data/v33.0/sobjects/EventLogFile/0AT300000000V1CGAU/LogFile","S","84988573","GET","text/csv","200","9999","1","2","18","0","0","297166"
"RestApi","20150726222636.678","3zHUXX70I4ZY-bH5TipkE-","00D30000000V77Y","0053000000Ank29","13","5","204.14.239.17","/services/data/v33.0/sobjects/EventLogFile/0AT300000000V1BGAU/LogFile","S","7867989","GET","text/csv","200","9999","1","2","12","10","0","1018"
"RestApi","20150726222637.970","3zHUXXyxpaBH66H5Tipnr-","00D30000000V77Y","0053000000Ank29","1075","31","204.14.239.17","/services/data/v33.0/sobjects/EventLogFile/0AT300000000V19GAE/LogFile","S","49278461","GET","text/csv","200","9999","1","2","37","10","0","2101167"
"RestApi","20150726222638.802","3zHUXe02OFQEsMH5Tiluk-","00D30000000V77Y","0053000000Ank29","20","7","204.14.239.17","/services/data/v33.0/sobjects/EventLogFile/0AT300000000UoeGAE/LogFile","S","12110706","GET","text/csv","200","9999","1","2","12","0","0","17791"
"RestApi","20150726222639.041","3zHUXeuboQuPTbH5TipsC-","00D30000000V77Y","0053000000Ank29","18","6","204.14.239.17","/services/data/v33.0/sobjects/EventLogFile/0AT300000000UolGAE/LogFile","S","11008741","GET","text/csv","200","9999","1","2","18","0","0","1858"
"RestApi","20150726222639.275","3zHUXfjgP_IsXMH5TillE-","00D30000000V77Y","0053000000Ank29","28","5","204.14.239.17","/services/data/v33.0/sobjects/EventLogFile/0AT300000000UokGAE/LogFile","S","19471475","GET","text/csv","200","9999","1","2","23","0","0","19953"
"RestApi","20150726222641.219","3zHUXgjR2wkLPbH5Tipxn-","00D30000000V77Y","0053000000Ank29","1706","42","204.14.239.17","/services/data/v33.0/sobjects/EventLogFile/0AT300000000UojGAE/LogFile","S","101665249","GET","text/csv","200","9999","1","2","18","10","0","3603937"
"RestApi","20150726222641.798","3zHUXpBOVS4v66H5Tilrk-","00D30000000V77Y","0053000000Ank29","14","5","204.14.239.17","/services/data/v33.0/sobjects/EventLogFile/0AT300000000UoiGAE/LogFile","S","8700529","GET","text/csv","200","9999","1","2","12","0","0","549"
"RestApi","20150726222642.016","3zHUXq-Qd_xumrH5Til_P-","00D30000000V77Y","0053000000Ank29","15","5","204.14.239.17","/services/data/v33.0/sobjects/EventLogFile/0AT300000000UohGAE/LogFile","S","980326","GET","text/csv","200","9999","1","2","18","0","0","1379"
"RestApi","20150726222642.327","3zHUXqpYIrsHA6H5Tipnr-","00D30000000V77Y","0053000000Ank29","104","12","204.14.239.17","/services/data/v33.0/sobjects/EventLogFile/0AT300000000UogGAE/LogFile","S","68267912","GET","text/csv","200","9999","1","2","18","0","0","296154"
"RestApi","20150726222642.754","3zHUXsk3CbUsY6H5TillE-","00D30000000V77Y","0053000000Ank29","17","6","204.14.239.17","/services/data/v33.0/sobjects/EventLogFile/0AT300000000UofGAE/LogFile","S","8694726","GET","text/csv","200","9999","1","2","37","10","0","1018"
"RestApi","20150726222643.662","3zHUXta6BBsQOan14nNU--","00D30000000V77Y","0053000000Ank29","699","27","204.14.239.17","/services/data/v33.0/sobjects/EventLogFile/0AT300000000Uo9GAE/LogFile","S","70457199","GET","text/csv","200","9999","1","2","12","10","0","2103916"
"RestApi","20150726222645.226","3zHUXxZFAm_rDMH5TipnY-","00D30000000V77Y","0053000000Ank29","1196","28","204.14.239.17","/services/data/v33.0/sobjects/EventLogFile/0AT300000000UfmGAE/LogFile","S","97748016","GET","text/csv","200","9999","1","2","18","10","0","2091713"
"RestApi","20150726222645.535","3zHUY26J3KfGNrH5TipsA-","00D30000000V77Y","0053000000Ank29","16","5","204.14.239.17","/services/data/v33.0/sobjects/EventLogFile/0AT300000000UfuGAE/LogFile","S","10433911","GET","text/csv","200","9999","1","2","12","0","0","2062"
"RestApi","20150726222645.751","3zHUY2vJGc1PU6H5TipsC-","00D30000000V77Y","0053000000Ank29","14","4","204.14.239.17","/services/data/v33.0/sobjects/EventLogFile/0AT300000000UfsGAE/LogFile","S","8769165","GET","text/csv","200","9999","1","2","18","0","0","1736"
"RestApi","20150726222647.210","3zHUY3kDWeh9wbH5TippD-","00D30000000V77Y","0053000000Ank29","1251","38","204.14.239.17","/services/data/v33.0/sobjects/EventLogFile/0AT300000000UftGAE/LogFile","S","1618841","GET","text/csv","200","9999","1","2","12","10","0","3638660"
"RestApi","20150726222647.544","3zHUY9avn7xrDMH5TipnY-","00D30000000V77Y","0053000000Ank29","14","4","204.14.239.17","/services/data/v33.0/sobjects/EventLogFile/0AT300000000UfrGAE/LogFile","S","8180026","GET","text/csv","200","9999","1","2","12","10","0","739"
"RestApi","20150726222647.771","3zHUYARMdiXiprH5Tipog-","00D30000000V77Y","0053000000Ank29","17","6","204.14.239.17","/services/data/v33.0/sobjects/EventLogFile/0AT300000000UfqGAE/LogFile","S","9350526","GET","text/csv","200","9999","1","2","12","0","0","549"
"RestApi","20150726222647.989","3zHUYBF437wjfrH5Tilu2-","00D30000000V77Y","0053000000Ank29","18","5","204.14.239.17","/services/data/v33.0/sobjects/EventLogFile/0AT300000000UfpGAE/LogFile","S","10103842","GET","text/csv","200","9999","1","2","37","0","0","1379"
"RestApi","20150726222648.311","3zHUYC2jZ7FLRMH5Tipxn-","00D30000000V77Y","0053000000Ank29","123","8","204.14.239.17","/services/data/v33.0/sobjects/EventLogFile/0AT300000000UfoGAE/LogFile","S","56790006","GET","text/csv","200","9999","1","2","12","0","0","294827"
"RestApi","20150726222648.639","3zHUYDfJqHHhTbH5Tipm1-","00D30000000V77Y","0053000000Ank29","16","5","204.14.239.17","/services/data/v33.0/sobjects/EventLogFile/0AT300000000UfnGAE/LogFile","S","9812128","GET","text/csv","200","9999","1","2","12","0","0","1017"
"RestApi","20150726222650.023","3zHUYEUM9lBHBrH5Tipnr-","00D30000000V77Y","0053000000Ank29","1182","30","204.14.239.17","/services/data/v33.0/sobjects/EventLogFile/0AT300000000UXnGAM/LogFile","S","104674569","GET","text/csv","200","9999","1","2","12","10","0","2091710"
"RestApi","20150726222651.995","3zHUYK7y5XRjgMH5Tilu2-","00D30000000V77Y","0053000000Ank29","1638","42","204.14.239.17","/services/data/v33.0/sobjects/EventLogFile/0AT300000000UXsGAM/LogFile","S","90711778","GET","text/csv","200","9999","1","2","12","0","0","3465107"
"RestApi","20150726222652.354","3zHUYRWVpJjEsrH5Tiluk-","00D30000000V77Y","0053000000Ank29","15","5","204.14.239.17","/services/data/v33.0/sobjects/EventLogFile/0AT300000000UXrGAM/LogFile","S","8539242","GET","text/csv","200","9999","1","2","12","0","0","549"
"RestApi","20150726222652.593","3zHUYSPJQCAeJbH5TilTr-","00D30000000V77Y","0053000000Ank29","15","5","204.14.239.17","/services/data/v33.0/sobjects/EventLogFile/0AT300000000UXqGAM/LogFile","S","9377970","GET","text/csv","200","9999","1","2","12","0","0","1043"
"RestApi","20150726222652.903","3zHUYTDAiY6LIMH5Tipwv-","00D30000000V77Y","0053000000Ank29","108","10","204.14.239.17","/services/data/v33.0/sobjects/EventLogFile/0AT300000000UXpGAM/LogFile","S","57119663","GET","text/csv","200","9999","1","2","12","0","0","295873"
"RestApi","20150726222653.208","3zHUYUh4LR9ir6H5Tipog-","00D30000000V77Y","0053000000Ank29","14","5","204.14.239.17","/services/data/v33.0/sobjects/EventLogFile/0AT300000000UXoGAM/LogFile","S","8803279","GET","text/csv","200","9999","1","2","12","0","0","1017"
"RestApi","20150726222654.698","3zHUYVaIl4uirMH5Tipog-","00D30000000V77Y","0053000000Ank29","1264","27","204.14.239.17","/services/data/v33.0/sobjects/EventLogFile/0AT300000000UPIGA2/LogFile","S","110870377","GET","text/csv","200","9999","1","2","12","0","0","2091029"
"RestApi","20150726222656.345","3zHUYaN9y2X2BrH5Tipmk-","00D30000000V77Y","0053000000Ank29","1359","39","204.14.239.17","/services/data/v33.0/sobjects/EventLogFile/0AT300000000UPcGAM/LogFile","S","79276477","GET","text/csv","200","9999","1","2","12","10","0","3489068"
"RestApi","20150726222656.694","3zHUYgfbEtAGSMH5TipsA-","00D30000000V77Y","0053000000Ank29","17","7","204.14.239.17","/services/data/v33.0/sobjects/EventLogFile/0AT300000000UPbGAM/LogFile","S","1164161","GET","text/csv","200","9999","1","2","12","0","0","550"
"RestApi","20150726222656.913","3zHUYhUdsfqXWMH5TipxT-","00D30000000V77Y","0053000000Ank29","18","6","204.14.239.17","/services/data/v33.0/sobjects/EventLogFile/0AT300000000UPaGAM/LogFile","S","10676569","GET","text/csv","200","9999","1","2","12","10","0","1491"
"RestApi","20150726222657.259","3zHUYiKA2bpv8rH5Tilrk-","00D30000000V77Y","0053000000Ank29","139","11","204.14.239.17","/services/data/v33.0/sobjects/EventLogFile/0AT300000000UPZGA2/LogFile","S","106676422","GET","text/csv","200","9999","1","2","34","0","0","297991"
"RestApi","20150726222657.594","3zHUYk1_eGaOH6H5Tilmd-","00D30000000V77Y","0053000000Ank29","15","5","204.14.239.17","/services/data/v33.0/sobjects/EventLogFile/0AT300000000UPJGA2/LogFile","S","9575044","GET","text/csv","200","9999","1","2","12","10","0","1018"
"RestApi","20150726222657.815","3zHUYkqwxRwQP5n14nNU--","00D30000000V77Y","0053000000Ank29","17","5","204.14.239.17","/services/data/v33.0/sobjects/EventLogFile/0AT300000000UDyGAM/LogFile","S","10825456","GET","text/csv","200","9999","1","2","12","0","0","1359"
"RestApi","20150726222658.037","3zHUYleGpjb1xMH5Tildr-","00D30000000V77Y","0053000000Ank29","23","5","204.14.239.17","/services/data/v33.0/sobjects/EventLogFile/0AT300000000UE5GAM/LogFile","S","16363426","GET","text/csv","200","9999","1","2","12","0","0","1235"
"RestApi","20150726222658.252","3zHUYmUYHv1XWrH5TipxT-","00D30000000V77Y","0053000000Ank29","15","5","204.14.239.17","/services/data/v33.0/sobjects/EventLogFile/0AT300000000UE4GAM/LogFile","S","9075869","GET","text/csv","200","9999","1","2","12","10","0","8203"
"RestApi","20150726222700.462","3zHUYnLWyGVLRrH5Tipxn-","00D30000000V77Y","0053000000Ank29","1995","42","204.14.239.17","/services/data/v33.0/sobjects/EventLogFile/0AT300000000UE3GAM/LogFile","S","107754698","GET","text/csv","200","9999","1","2","12","0","0","3878289"
"RestApi","20150726222700.796","3zHUYvwuZBEsarH5TillE-","00D30000000V77Y","0053000000Ank29","20","7","204.14.239.17","/services/data/v33.0/sobjects/EventLogFile/0AT300000000UE2GAM/LogFile","S","10808652","GET","text/csv","200","9999","1","2","37","0","0","549"
"RestApi","20150726222701.026","3zHUYwoo1Tlv9rH5Tilrk-","00D30000000V77Y","0053000000Ank29","15","5","204.14.239.17","/services/data/v33.0/sobjects/EventLogFile/0AT300000000UE1GAM/LogFile","S","8715040","GET","text/csv","200","9999","1","2","18","0","0","3283"
"RestApi","20150726222701.359","3zHUYxg1teU1xMH5Tildr-","00D30000000V77Y","0053000000Ank29","116","9","204.14.239.17","/services/data/v33.0/sobjects/EventLogFile/0AT300000000UE0GAM/LogFile","S","84877610","GET","text/csv","200","9999","1","2","12","10","0","302436"
"RestApi","20150726222701.970","3zHUZ-Kt_qXRyrH5Tipnt-","00D30000000V77Y","0053000000Ank29","15","5","204.14.239.17","/services/data/v33.0/sobjects/EventLogFile/0AT300000000UDzGAM/LogFile","S","10201498","GET","text/csv","200","9999","1","2","12","0","0","1018"
"RestApi","20150726222703.292","3zHUZ0CKGEZQPan14nNU--","00D30000000V77Y","0053000000Ank29","1104","29","204.14.239.17","/services/data/v33.0/sobjects/EventLogFile/0AT300000000UDxGAM/LogFile","S","23192347","GET","text/csv","200","9999","1","2","18","10","0","2094866"
"RestApi","20150726222703.634","3zHUZ5WkCEoLRrH5Tipxn-","00D30000000V77Y","0053000000Ank29","19","5","204.14.239.17","/services/data/v33.0/sobjects/EventLogFile/0AT300000000UC0GAM/LogFile","S","8690021","GET","text/csv","200","9999","1","2","12","0","0","664"
"RestApi","20150726222703.875","3zHUZ6KiEKyhUMH5Tipm1-","00D30000000V77Y","0053000000Ank29","42","7","204.14.239.17","/services/data/v33.0/sobjects/EventLogFile/0AT300000000U1KGAU/LogFile","S","22641616","GET","text/csv","200","9999","1","2","21","10","0","155661"
"RestApi","20150726222704.269","3zHUZ7uBgYnEtMH5Tiluk-","00D30000000V77Y","0053000000Ank29","14","5","204.14.239.17","/services/data/v33.0/sobjects/EventLogFile/0AT300000000U1VGAU/LogFile","S","8982698","GET","text/csv","200","9999","1","2","12","10","0","8620"
"RestApi","20150726222704.564","3zHUZ8yQM2YsbbH5TillE-","00D30000000V77Y","0053000000Ank29","23","5","204.14.239.17","/services/data/v33.0/sobjects/EventLogFile/0AT300000000U1TGAU/LogFile","S","16074110","GET","text/csv","200","9999","1","2","31","10","0","20825"
"RestApi","20150726222704.846","3zHUZA0W_jbGXMH5TipsA-","00D30000000V77Y","0053000000Ank29","24","6","204.14.239.17","/services/data/v33.0/sobjects/EventLogFile/0AT300000000U1UGAU/LogFile","S","10438599","GET","text/csv","200","9999","1","2","25","0","0","62421"
"RestApi","20150726222705.231","3zHUZBRmuZfsbbH5TillE-","00D30000000V77Y","0053000000Ank29","25","6","204.14.239.17","/services/data/v33.0/sobjects/EventLogFile/0AT300000000U1RGAU/LogFile","S","11616378","GET","text/csv","200","9999","1","2","37","10","0","1776"
"RestApi","20150726222706.863","3zHUZCRPiiE1xbH5Tildr-","00D30000000V77Y","0053000000Ank29","1390","32","204.14.239.17","/services/data/v33.0/sobjects/EventLogFile/0AT300000000U1SGAU/LogFile","S","72818614","GET","text/csv","200","9999","1","2","12","0","0","2790575"
"RestApi","20150726222707.210","3zHUZIqLo0PitrH5Tipog-","00D30000000V77Y","0053000000Ank29","19","5","204.14.239.17","/services/data/v33.0/sobjects/EventLogFile/0AT300000000U1QGAU/LogFile","S","10641485","GET","text/csv","200","9999","1","2","12","0","0","1187"
"RestApi","20150726222707.441","3zHUZJhJbelGsMH5Tipt5-","00D30000000V77Y","0053000000Ank29","20","5","204.14.239.17","/services/data/v33.0/sobjects/EventLogFile/0AT300000000U1PGAU/LogFile","S","12472448","GET","text/csv","200","9999","1","2","12","10","0","552"
"RestApi","20150726222707.685","3zHUZKbX91gYDrH5TipkE-","00D30000000V77Y","0053000000Ank29","19","5","204.14.239.17","/services/data/v33.0/sobjects/EventLogFile/0AT300000000U1OGAU/LogFile","S","4634553","GET","text/csv","200","9999","1","2","12","0","0","1638"
"RestApi","20150726222707.927","3zHUZLX24d9X_6H5TipxT-","00D30000000V77Y","0053000000Ank29","15","5","204.14.239.17","/services/data/v33.0/sobjects/EventLogFile/0AT300000000U1NGAU/LogFile","S","9188388","GET","text/csv","200","9999","1","2","12","0","0","4748"
"RestApi","20150726222708.246","3zHUZMNouXEGXMH5TipsA-","00D30000000V77Y","0053000000Ank29","105","10","204.14.239.17","/services/data/v33.0/sobjects/EventLogFile/0AT300000000U1MGAU/LogFile","S","72049147","GET","text/csv","200","9999","1","2","12","0","0","290660"
"RestApi","20150726222708.690","3zHUZOMUCeoQPan14nNU--","00D30000000V77Y","0053000000Ank29","18","5","204.14.239.17","/services/data/v33.0/sobjects/EventLogFile/0AT300000000U1LGAU/LogFile","S","11657675","GET","text/csv","200","9999","1","2","18","10","0","1018"
"RestApi","20150726222709.629","3zHUZPBo8_KtgbH5Tipu4-","00D30000000V77Y","0053000000Ank29","734","28","204.14.239.17","/services/data/v33.0/sobjects/EventLogFile/0AT300000000U1JGAU/LogFile","S","21549670","GET","text/csv","200","9999","1","2","18","0","0","2088296"
"RestApi","20150726222710.345","3zHUZUXjeW45-6H5Tipse-","00D30000000V77Y","0053000000Ank29","15","5","204.14.239.17","/services/data/v33.0/sobjects/EventLogFile/0AT300000000U1IGAU/LogFile","S","10103605","GET","text/csv","200","9999","1","2","18","0","0","1968"
"RestApi","20150726222710.589","3zHUZVLPG3L2IrH5Tipmk-","00D30000000V77Y","0053000000Ank29","41","6","204.14.239.17","/services/data/v33.0/sobjects/EventLogFile/0AT300000000Tp4GAE/LogFile","S","23113000","GET","text/csv","200","9999","1","2","27","0","0","158020"
"RestApi","20150726222710.971","3zHUZWpOyq0PRrH5Tipx2-","00D30000000V77Y","0053000000Ank29","25","6","204.14.239.17","/services/data/v33.0/sobjects/EventLogFile/0AT300000000TpgGAE/LogFile","S","13331680","GET","text/csv","200","9999","1","2","38","0","0","15757"
"RestApi","20150726222711.210","3zHUZXkZwDeu66H5Tiq2I-","00D30000000V77Y","0053000000Ank29","17","6","204.14.239.17","/services/data/v33.0/sobjects/EventLogFile/0AT300000000TpeGAE/LogFile","S","10064376","GET","text/csv","200","9999","1","2","12","10","0","10370"
"RestApi","20150726222711.444","3zHUZY_HjrQse6H5TillE-","00D30000000V77Y","0053000000Ank29","29","6","204.14.239.17","/services/data/v33.0/sobjects/EventLogFile/0AT300000000TpfGAE/LogFile","S","16992562","GET","text/csv","200","9999","1","2","19","0","0","58303"
"RestApi","20150726222714.348","3zHUZZpuoj6EtbH5Tiluk-","00D30000000V77Y","0053000000Ank29","2596","49","204.14.239.17","/services/data/v33.0/sobjects/EventLogFile/0AT300000000TpdGAE/LogFile","S","83619492","GET","text/csv","200","9999","1","2","31","10","0","3972927"
"RestApi","20150726222714.675","3zHUZjfIToqiubH5Tipog-","00D30000000V77Y","0053000000Ank29","15","5","204.14.239.17","/services/data/v33.0/sobjects/EventLogFile/0AT300000000TpcGAE/LogFile","S","8705295","GET","text/csv","200","9999","1","2","12","0","0","549"
"RestApi","20150726222714.908","3zHUZkX0UXcYFMH5TipkE-","00D30000000V77Y","0053000000Ank29","16","6","204.14.239.17","/services/data/v33.0/sobjects/EventLogFile/0AT300000000TpbGAE/LogFile","S","3918129","GET","text/csv","200","9999","1","2","12","0","0","15842"
"RestApi","20150726222715.212","3zHUZlXVhn8A7MH5TippD-","00D30000000V77Y","0053000000Ank29","51","7","204.14.239.17","/services/data/v33.0/sobjects/EventLogFile/0AT300000000Tp6GAE/LogFile","S","14546212","GET","text/csv","200","9999","1","2","23","10","0","183728"
"RestApi","20150726222715.646","3zHUZnH0rEVYFMH5TipkE-","00D30000000V77Y","0053000000Ank29","16","6","204.14.239.17","/services/data/v33.0/sobjects/EventLogFile/0AT300000000Tp5GAE/LogFile","S","8919257","GET","text/csv","200","9999","1","2","12","0","0","1018"
"RestApi","20150726222715.886","3zHUZo5sZq1PX6H5TipsC-","00D30000000V77Y","0053000000Ank29","36","5","204.14.239.17","/services/data/v33.0/sobjects/EventLogFile/0AT300000000Tp3GAE/LogFile","S","15367829","GET","text/csv","200","9999","1","2","25","0","0","96686"
"RestApi","20150726222716.344","3zHUZpLGJ7KvCbH5Tilrk-","00D30000000V77Y","0053000000Ank29","160","9","204.14.239.17","/services/data/v33.0/sobjects/EventLogFile/0AT300000000TfdGAE/LogFile","S","129495983","GET","text/csv","200","9999","1","2","12","0","0","262200"
"RestApi","20150726222716.674","3zHUZr6tfVZYFMH5TipkE-","00D30000000V77Y","0053000000Ank29","14","5","204.14.239.17","/services/data/v33.0/sobjects/EventLogFile/0AT300000000TfnGAE/LogFile","S","7599413","GET","text/csv","200","9999","1","2","12","10","0","9958"
"RestApi","20150726222716.918","3zHUZryzpRuhW6H5Tipm1-","00D30000000V77Y","0053000000Ank29","27","6","204.14.239.17","/services/data/v33.0/sobjects/EventLogFile/0AT300000000TfmGAE/LogFile","S","17606881","GET","text/csv","200","9999","1","2","17","20","0","37443"
"RestApi","20150726222718.526","3zHUZt6dbURHNbH5Tipnr-","00D30000000V77Y","0053000000Ank29","1331","43","204.14.239.17","/services/data/v33.0/sobjects/EventLogFile/0AT300000000TflGAE/LogFile","S","63871699","GET","text/csv","200","9999","1","2","18","0","0","3895474"
"RestApi","20150726222718.831","3zHUZz8blFqS56H5Tipnt-","00D30000000V77Y","0053000000Ank29","17","5","204.14.239.17","/services/data/v33.0/sobjects/EventLogFile/0AT300000000TfkGAE/LogFile","S","10377340","GET","text/csv","200","9999","1","2","12","10","0","548"
"RestApi","20150726222719.046","3zHUZzx2F81u96H5Tiq2I-","00D30000000V77Y","0053000000Ank29","16","5","204.14.239.17","/services/data/v33.0/sobjects/EventLogFile/0AT300000000TfjGAE/LogFile","S","8780466","GET","text/csv","200","9999","1","2","37","0","0","300"
"RestApi","20150726222719.261","3zHU_-k0XAK52MH5Tipse-","00D30000000V77Y","0053000000Ank29","17","5","204.14.239.17","/services/data/v33.0/sobjects/EventLogFile/0AT300000000TfiGAE/LogFile","S","9632152","GET","text/csv","200","9999","1","2","37","0","0","2956"
"RestApi","20150726222719.493","3zHU_0bfk0sYG6H5TipkE-","00D30000000V77Y","0053000000Ank29","15","6","204.14.239.17","/services/data/v33.0/sobjects/EventLogFile/0AT300000000TfgGAE/LogFile","S","8558583","GET","text/csv","200","9999","1","2","12","0","0","6172"
"RestApi","20150726222719.723","3zHU_1Q0i7DPXMH5TipsC-","00D30000000V77Y","0053000000Ank29","30","5","204.14.239.17","/services/data/v33.0/sobjects/EventLogFile/0AT300000000TfhGAE/LogFile","S","19756400","GET","text/csv","200","9999","1","2","19","0","0","91719"
"RestApi","20150726222720.250","3zHU_3RJz6YeYrH5TilTr-","00D30000000V77Y","0053000000Ank29","15","5","204.14.239.17","/services/data/v33.0/sobjects/EventLogFile/0AT300000000TffGAE/LogFile","S","9367717","GET","text/csv","200","9999","1","2","12","0","0","923"
"RestApi","20150726222720.476","3zHU_4EoWbcYGbH5TipkE-","00D30000000V77Y","0053000000Ank29","24","6","204.14.239.17","/services/data/v33.0/sobjects/EventLogFile/0AT300000000TfeGAE/LogFile","S","9206847","GET","text/csv","200","9999","1","2","12","0","0","1018"
"RestApi","20150726222720.690","3zHU_53Trv8PS6H5Tipx2-","00D30000000V77Y","0053000000Ank29","18","6","204.14.239.17","/services/data/v33.0/sobjects/EventLogFile/0AT300000000TfcGAE/LogFile","S","9801802","GET","text/csv","200","9999","1","2","38","0","0","24492"
"RestApi","20150726222720.919","3zHU_5vuVHLPXMH5TipsC-","00D30000000V77Y","0053000000Ank29","14","5","204.14.239.17","/services/data/v33.0/sobjects/EventLogFile/0AT300000000TfbGAE/LogFile","S","8720453","GET","text/csv","200","9999","1","2","18","10","0","936"
"RestApi","20150726222721.157","3zHU_6lyzj853MH5Tipse-","00D30000000V77Y","0053000000Ank29","26","7","204.14.239.17","/services/data/v33.0/sobjects/EventLogFile/0AT300000000TYKGA2/LogFile","S","13400167","GET","text/csv","200","9999","1","2","37","0","0","628"
"RestApi","20150726222723.057","3zHU_7bnaQGA9rH5TippD-","00D30000000V77Y","0053000000Ank29","1700","37","204.14.239.17","/services/data/v33.0/sobjects/EventLogFile/0AT300000000TYZGA2/LogFile","S","1625055","GET","text/csv","200","9999","1","2","12","0","0","3471846"
"RestApi","20150726222723.370","3zHU_F3HgtePXrH5TipsC-","00D30000000V77Y","0053000000Ank29","14","5","204.14.239.17","/services/data/v33.0/sobjects/EventLogFile/0AT300000000TYYGA2/LogFile","S","8798213","GET","text/csv","200","9999","1","2","12","0","0","549"
"RestApi","20150726222723.602","3zHU_FuywbUGd6H5TipsA-","00D30000000V77Y","0053000000Ank29","17","6","204.14.239.17","/services/data/v33.0/sobjects/EventLogFile/0AT300000000TYXGA2/LogFile","S","10598229","GET","text/csv","200","9999","1","2","18","0","0","931"
"RestApi","20150726222723.840","3zHU_GkR2JuuAbH5Tiq2I-","00D30000000V77Y","0053000000Ank29","31","5","204.14.239.17","/services/data/v33.0/sobjects/EventLogFile/0AT300000000TYWGA2/LogFile","S","23032986","GET","text/csv","200","9999","1","2","23","10","0","34261"
"RestApi","20150726222724.142","3zHU_HwHd7hvD6H5Tilrk-","00D30000000V77Y","0053000000Ank29","14","5","204.14.239.17","/services/data/v33.0/sobjects/EventLogFile/0AT300000000TYVGA2/LogFile","S","8532938","GET","text/csv","200","9999","1","2","18","0","0","1016"
"RestApi","20150726222724.364","3zHU_IkqT1KvD6H5Tilrk-","00D30000000V77Y","0053000000Ank29","16","5","204.14.239.17","/services/data/v33.0/sobjects/EventLogFile/0AT300000000TSDGA2/LogFile","S","8470090","GET","text/csv","200","9999","1","2","12","10","0","627"
"RestApi","20150726222726.249","3zHU_JZ4_DnLYrH5Tipwv-","00D30000000V77Y","0053000000Ank29","1686","41","204.14.239.17","/services/data/v33.0/sobjects/EventLogFile/0AT300000000TSIGA2/LogFile","S","99092573","GET","text/csv","200","9999","1","2","12","0","0","3979724"
"RestApi","20150726222726.584","3zHU_R0L7o1bsMH5TipoZ-","00D30000000V77Y","0053000000Ank29","19","5","204.14.239.17","/services/data/v33.0/sobjects/EventLogFile/0AT300000000TSHGA2/LogFile","S","12985770","GET","text/csv","200","9999","1","2","12","10","0","548"
"RestApi","20150726222726.804","3zHU_Rr23L3jr6H5Tilu2-","00D30000000V77Y","0053000000Ank29","15","4","204.14.239.17","/services/data/v33.0/sobjects/EventLogFile/0AT300000000TSGGA2/LogFile","S","8892145","GET","text/csv","200","9999","1","2","12","10","0","3171"
"RestApi","20150726222727.050","3zHU_SdykJ1uBMH5Tiq2I-","00D30000000V77Y","0053000000Ank29","39","6","204.14.239.17","/services/data/v33.0/sobjects/EventLogFile/0AT300000000TSFGA2/LogFile","S","16192690","GET","text/csv","200","9999","1","2","19","0","0","60675"
"RestApi","20150726222727.312","3zHU_Ti5WAePYMH5TipsC-","00D30000000V77Y","0053000000Ank29","23","4","204.14.239.17","/services/data/v33.0/sobjects/EventLogFile/0AT300000000TSEGA2/LogFile","S","17305254","GET","text/csv","200","9999","1","2","12","0","0","1017"
"RestApi","20150726222727.528","3zHU_UX2nb92ObH5Tipmk-","00D30000000V77Y","0053000000Ank29","21","6","204.14.239.17","/services/data/v33.0/sobjects/EventLogFile/0AT300000000TJ5GAM/LogFile","S","12667781","GET","text/csv","200","9999","1","2","12","10","0","4767"
"RestApi","20150726222727.739","3zHU_VKVUMqAirH5TiplX-","00D30000000V77Y","0053000000Ank29","16","5","204.14.239.17","/services/data/v33.0/sobjects/EventLogFile/0AT300000000TKAGA2/LogFile","S","10184923","GET","text/csv","200","9999","1","2","12","0","0","1004"
"RestApi","20150726222727.959","3zHU_W987HXhW6H5Tipm1-","00D30000000V77Y","0053000000Ank29","15","5","204.14.239.17","/services/data/v33.0/sobjects/EventLogFile/0AT300000000TK9GAM/LogFile","S","9413883","GET","text/csv","200","9999","1","2","12","0","0","3583"
"RestApi","20150726222729.568","3zHU_XeyyB5OJ6H5Tilmd-","00D30000000V77Y","0053000000Ank29","1218","41","204.14.239.17","/services/data/v33.0/sobjects/EventLogFile/0AT300000000TK8GAM/LogFile","S","15401022","GET","text/csv","200","9999","1","2","12","0","0","3423224"
"RestApi","20150726222729.903","3zHU_cPFXaMGfbH5TipsA-","00D30000000V77Y","0053000000Ank29","13","5","204.14.239.17","/services/data/v33.0/sobjects/EventLogFile/0AT300000000TK7GAM/LogFile","S","7836414","GET","text/csv","200","9999","1","2","12","0","0","547"
"RestApi","20150726222730.120","3zHU_dBnOsWH06H5Tipt5-","00D30000000V77Y","0053000000Ank29","18","6","204.14.239.17","/services/data/v33.0/sobjects/EventLogFile/0AT300000000TK6GAM/LogFile","S","10958381","GET","text/csv","200","9999","1","2","12","10","0","1939"
"RestApi","20150726222730.345","3zHU_e-DD5GPTMH5Tipx2-","00D30000000V77Y","0053000000Ank29","27","5","204.14.239.17","/services/data/v33.0/sobjects/EventLogFile/0AT300000000TK5GAM/LogFile","S","18766504","GET","text/csv","200","9999","1","2","17","0","0","34897"
"RestApi","20150726222730.564","3zHU_er8puAEurH5Tiluk-","00D30000000V77Y","0053000000Ank29","15","5","204.14.239.17","/services/data/v33.0/sobjects/EventLogFile/0AT300000000TK4GAM/LogFile","S","10129535","GET","text/csv","200","9999","1","2","12","0","0","1018"
"RestApi","20150726222730.775","3zHU_fdpaeKupbH5Til_P-","00D30000000V77Y","0053000000Ank29","15","5","204.14.239.17","/services/data/v33.0/sobjects/EventLogFile/0AT300000000TJ4GAM/LogFile","S","8873699","GET","text/csv","200","9999","1","2","12","0","0","1587"
"RestApi","20150726222730.990","3zHU_gS51RpRdMH5TillV-","00D30000000V77Y","0053000000Ank29","15","5","204.14.239.17","/services/data/v33.0/sobjects/EventLogFile/0AT300000000TJ3GAM/LogFile","S","9113318","GET","text/csv","200","9999","1","2","18","10","0","663"
"RestApi","20150726222731.380","3zHU_hEqBfDFtrH5Tim-y-","00D30000000V77Y","0053000000Ank29","191","12","204.14.239.17","/services/data/v33.0/sobjects/EventLogFile/0AT300000000TBoGAM/LogFile","S","96755272","GET","text/csv","200","9999","1","2","37","0","0","422289"
"RestApi","20150726222731.744","3zHU_jF5ciULabH5Tipwv-","00D30000000V77Y","0053000000Ank29","18","5","204.14.239.17","/services/data/v33.0/sobjects/EventLogFile/0AT300000000TBlGAM/LogFile","S","11667700","GET","text/csv","200","9999","1","2","12","0","0","2185"
"RestApi","20150726222732.014","3zHU_k6fv79PZMH5TipsC-","00D30000000V77Y","0053000000Ank29","54","6","204.14.239.17","/services/data/v33.0/sobjects/EventLogFile/0AT300000000TBmGAM/LogFile","S","21839787","GET","text/csv","200","9999","1","2","19","10","0","111454"
"RestApi","20150726222732.401","3zHU_lgjyfT2QbH5Tipmk-","00D30000000V77Y","0053000000Ank29","16","5","204.14.239.17","/services/data/v33.0/sobjects/EventLogFile/0AT300000000TBnGAM/LogFile","S","10032932","GET","text/csv","200","9999","1","2","12","10","0","1576"
"RestApi","20150726222732.711","3zHU_mqnwFWH2MH5Tipt5-","00D30000000V77Y","0053000000Ank29","16","6","204.14.239.17","/services/data/v33.0/sobjects/EventLogFile/0AT300000000TBpGAM/LogFile","S","8698697","GET","text/csv","200","9999","1","2","12","10","0","1020"
"RestApi","20150726222733.096","3zHU_oHe3cAGfrH5TipsA-","00D30000000V77Y","0053000000Ank29","16","5","204.14.239.17","/services/data/v33.0/sobjects/EventLogFile/0AT300000000TBqGAM/LogFile","S","10542206","GET","text/csv","200","9999","1","2","12","10","0","731"
"RestApi","20150726222733.338","3zHU_p54B6KPTrH5Tipx2-","00D30000000V77Y","0053000000Ank29","42","6","204.14.239.17","/services/data/v33.0/sobjects/EventLogFile/0AT300000000TBrGAM/LogFile","S","23320179","GET","text/csv","200","9999","1","2","17","10","0","43460"
"RestApi","20150726222733.649","3zHU_qLY3wxrLMH5TipnY-","00D30000000V77Y","0053000000Ank29","16","5","204.14.239.17","/services/data/v33.0/sobjects/EventLogFile/0AT300000000TBsGAM/LogFile","S","10454798","GET","text/csv","200","9999","1","2","12","0","0","5781"
"RestApi","20150726222733.904","3zHU_rITng3jubH5Tilu2-","00D30000000V77Y","0053000000Ank29","16","5","204.14.239.17","/services/data/v33.0/sobjects/EventLogFile/0AT300000000TBtGAM/LogFile","S","9501017","GET","text/csv","200","9999","1","2","18","10","0","1140"
"RestApi","20150726222734.132","3zHU_s8nNkmbsbH5TipoZ-","00D30000000V77Y","0053000000Ank29","16","5","204.14.239.17","/services/data/v33.0/sobjects/EventLogFile/0AT300000000TBuGAM/LogFile","S","8466570","GET","text/csv","200","9999","1","2","34","10","0","550"
"RestApi","20150726222734.361","3zHU_t-MbLCPTrH5Tipx2-","00D30000000V77Y","0053000000Ank29","16","6","204.14.239.17","/services/data/v33.0/sobjects/EventLogFile/0AT300000000TBvGAM/LogFile","S","9494384","GET","text/csv","200","9999","1","2","12","0","0","2021"
"RestApi","20150726222736.278","3zHU_trfc1redrH5TilTr-","00D30000000V77Y","0053000000Ank29","1701","40","204.14.239.17","/services/data/v33.0/sobjects/EventLogFile/0AT300000000TBwGAM/LogFile","S","1627453","GET","text/csv","200","9999","1","2","18","0","0","3760347"
"RestApi","20150726222736.607","3zHUa0ESqKdtrrH5Tipu4-","00D30000000V77Y","0053000000Ank29","51","7","204.14.239.17","/services/data/v33.0/sobjects/EventLogFile/0AT300000000TByGAM/LogFile","S","21547959","GET","text/csv","200","9999","1","2","27","0","0","105360"
"RestApi","20150726222737.021","3zHUa1rW3PaSE6H5Tipnt-","00D30000000V77Y","0053000000Ank29","29","6","204.14.239.17","/services/data/v33.0/sobjects/EventLogFile/0AT300000000TBxGAM/LogFile","S","15200270","GET","text/csv","200","9999","1","2","37","0","0","4756"
"RestApi","20150726222737.251","3zHUa2hnTiGAEMH5TippD-","00D30000000V77Y","0053000000Ank29","31","5","204.14.239.17","/services/data/v33.0/sobjects/EventLogFile/0AT300000000TBzGAM/LogFile","S","0","GET","text/csv","200","9999","1","2","17","10","0","48585"
